golfer,mean,lower_bound_90percent,upper_bound_90percent
GOLFER_VijaySingh,-0.019710037,-0.043286001,-0.012591803
GOLFER_TigerWoods,-0.011273333,-0.034280609,-0.005953971
GOLFER_BrentGeiberger,-0.011080761,-0.022535582,-0.004127941
GOLFER_ScottVerplank,-0.011055652,-0.028534886,-0.005096442
GOLFER_StewartCink,-0.010991941,-0.034208655,-0.005357388
GOLFER_TedPurdy,-0.010421236,-0.030982878,-0.006096683
GOLFER_LorenRoberts,-0.010346487,-0.012554691,-0.004373377
GOLFER_ChrisDiMarco,-0.010004337,-0.015307529,-0.005546316
GOLFER_PhilMickelson,-0.009853988,-0.027578693,-0.002821447
GOLFER_ZachJohnson,-0.009806857,-0.019451757,-0.007614806
GOLFER_JesperParnevik,-0.00974368,-0.016793905,-0.004522282
GOLFER_JohnSenden,-0.009638959,-0.029223783,-0.006075901
GOLFER_BoVanPelt,-0.00943547,-0.015571026,-0.003507161
GOLFER_JeffSluman,-0.009412427,-0.016827674,-0.005039075
GOLFER_JoeDurant,-0.009252318,-0.028701313,-0.003836522
GOLFER_JerryKelly,-0.009209492,-0.007855986,-0.007855986
GOLFER_DanielChopra,-0.009026933,-0.012652775,-0.006851244
GOLFER_TomLehman,-0.00879883,-0.019357764,-0.001762587
GOLFER_FredFunk,-0.008739136,-0.019233215,-0.004575645
GOLFER_CarlPettersson,-0.008617836,-0.018161601,-0.00392996
GOLFER_StephenAmes,-0.008372553,-0.037216008,-0.006456408
GOLFER_DavidPeoples,-0.00825562,-0.02459194,0.000679528
GOLFER_CarlosFranco,-0.008143891,-0.012118927,-0.001852044
GOLFER_HarrisonFrazar,-0.008046852,-0.011978303,-0.005231749
GOLFER_JoeOgilvie,-0.008032453,-0.016293613,-0.001994414
GOLFER_LukeDonald,-0.007874032,-0.014720022,-0.004848865
GOLFER_KirkTriplett,-0.007847916,-0.02228329,-0.003384296
GOLFER_CameronBeckman,-0.00756568,-0.007398168,-0.003027729
GOLFER_RodPampling,-0.007347111,-0.011734631,-0.003206156
GOLFER_KennyPerry,-0.007309666,-0.028401289,-0.000999671
GOLFER_BenCrane,-0.007256984,-0.016211722,-0.002488242
GOLFER_WoodyAustin,-0.007237795,-0.018753442,-0.003994783
GOLFER_GeoffOgilvy,-0.007230027,-0.026619715,-0.002664029
GOLFER_JasonBohn,-0.007222472,-0.031563552,-0.005316274
GOLFER_BrianBateman,-0.007214211,-0.014583925,-0.005115801
GOLFER_RobertAllenby,-0.007213201,-0.01077187,-0.004397764
GOLFER_FrankLickliter,-0.007150942,-0.024404199,-0.003683273
GOLFER_ShigekiMaruyama,-0.00691673,-0.005509064,-0.005509064
GOLFER_JustinRose,-0.006900348,-0.006343855,-0.005690387
GOLFER_TomPerniceJr.,-0.00684153,-0.009040886,-0.003753371
GOLFER_RorySabbatini,-0.006612258,-0.021496998,-0.0041157
GOLFER_DuffyWaldorf,-0.006573644,-0.011408319,0.001003618
GOLFER_NealLancaster,-0.006565657,-0.009133471,-0.003644037
GOLFER_SergioGarcia,-0.00653452,-0.017206021,-0.001338383
GOLFER_ChrisRiley,-0.006377647,-0.010050865,-0.004723507
GOLFER_GlenDay,-0.006236131,-0.013483087,-0.003498704
GOLFER_RetiefGoosen,-0.006206347,-0.014813519,-0.004058391
GOLFER_BrianGay,-0.006111376,-0.008656886,-0.003159307
GOLFER_TomByrum,-0.006105258,-0.025006739,-0.003687587
GOLFER_BradFaxon,-0.006093944,-0.006093944,-0.006093944
GOLFER_DavisLoveIII,-0.006039325,-0.016644831,-0.004446626
GOLFER_FredCouples,-0.005979074,-0.014109255,-0.00525263
GOLFER_SkipKendall,-0.005977595,-0.010924786,-0.003052051
GOLFER_RobertGamez,-0.005969722,-0.016751303,-0.000933906
GOLFER_ChrisSmith,-0.005935811,-0.013308566,-0.005347201
GOLFER_TimClark,-0.005865782,-0.012195759,-0.00173546
GOLFER_StuartAppleby,-0.005860401,-0.019228068,-0.000535864
GOLFER_ChadCampbell,-0.00583168,-0.007910046,-0.000826929
GOLFER_VaughnTaylor,-0.005802815,-0.013433319,-0.00361836
GOLFER_J.L.Lewis,-0.005763158,-0.009109351,-0.002487594
GOLFER_J.J.Henry,-0.005748327,-0.023538229,-0.002958572
GOLFER_TimPetrovic,-0.005744202,-0.018095551,-0.003039076
GOLFER_DudleyHart,-0.005738986,-0.014926225,-0.003437087
GOLFER_ArronOberholser,-0.005716885,-0.014268034,-0.002150064
GOLFER_CharlesHowellIII,-0.005688088,-0.008383338,-0.003291274
GOLFER_PatrickSheehan,-0.005672863,-0.014911074,-0.002881241
GOLFER_JayHaas,-0.005632471,-0.020963943,-0.002877668
GOLFER_LeeJanzen,-0.005558384,-0.024463274,-0.003877522
GOLFER_MikeWeir,-0.005390151,-0.015173447,-0.004118734
GOLFER_NotahBegayIII,-0.00535581,-0.004643739,-0.004643739
GOLFER_RonSkayhan,-0.005320241,-0.017961782,-0.002680519
GOLFER_StephenLeaney,-0.005282646,-0.005282114,-0.00388988
GOLFER_JeffMaggert,-0.005191403,-0.008958302,-0.002525122
GOLFER_HidemichiTanaka,-0.005078233,-0.00569625,-0.001454491
GOLFER_JoeySindelar,-0.005062335,-0.009729042,-0.002774405
GOLFER_KevinNa,-0.005021126,-0.005454878,0.000163401
GOLFER_WesShort,-0.004956111,-0.011022025,0.00131982
GOLFER_BartBryant,-0.004913802,-0.025447776,-0.003020891
GOLFER_MarkHensby,-0.004902152,-0.004040179,-0.004040179
GOLFER_JohnDaly,-0.0048958,-0.00491589,-0.000896806
GOLFER_BillHaas,-0.004841006,-0.008655652,-0.001183795
GOLFER_ScottHoch,-0.004803386,-0.013112933,-0.000721118
GOLFER_JustinLeonard,-0.004751156,-0.02393508,-0.002066224
GOLFER_RichardS.Johnson,-0.004708783,-0.018970769,-0.001447399
GOLFER_WayneLevi,-0.0046689,-0.009576853,-0.002314582
GOLFER_ErnieEls,-0.004614036,-0.00699741,-0.00096037
GOLFER_DannyBriggs,-0.004605945,-0.010940687,-0.002700337
GOLFER_DennisPaulson,-0.004568844,-0.018126372,-0.001661131
GOLFER_TimHerron,-0.004554436,-0.011219665,-0.000273575
GOLFER_JasonDufner,-0.004499818,-0.013033023,-0.002010473
GOLFER_JohnHuston,-0.00448971,-0.007301397,0.001783065
GOLFER_TimThelen,-0.004483862,-0.008547437,-0.001212765
GOLFER_BobTway,-0.004481177,-0.014090419,-0.003821088
GOLFER_KentJones,-0.004396842,-0.00755356,-0.000752767
GOLFER_DeanePappas,-0.004365629,-0.014129231,-0.003093366
GOLFER_RolandThatcher,-0.004239939,-0.006635636,-0.00264691
GOLFER_KevinSutherland,-0.004222632,-0.005082888,0.004763695
GOLFER_PeterJacobsen,-0.004199532,-0.003826254,-0.003826254
GOLFER_FredrikJacobson,-0.004161048,-0.003792424,-0.001845809
GOLFER_RyanPalmer,-0.004159044,-0.009095379,-0.002650595
GOLFER_CraigBarlow,-0.004154572,-0.025449439,-0.001969586
GOLFER_JimBenepe,-0.004139892,-0.005705415,-0.003350971
GOLFER_ToddFischer,-0.004133547,-0.014566284,-0.002516255
GOLFER_DavidToms,-0.00409822,-0.013054041,-0.002393632
GOLFER_ToddHamilton,-0.003971995,-0.00717295,-0.002551592
GOLFER_JonathanByrd,-0.003960394,-0.012114706,-0.001481773
GOLFER_JoelEdwards,-0.003938278,-0.005595553,-0.002033998
GOLFER_JoseCoceres,-0.00389387,-0.003349325,-0.003349325
GOLFER_AdamMeyer,-0.003810739,-0.003854382,-0.003854382
GOLFER_J.P.Hayes,-0.003771871,-0.005911899,-0.000347471
GOLFER_SteveFlesch,-0.003767986,-0.025567472,-0.001721083
GOLFER_JayWilliamson,-0.003761349,-0.003233535,-0.003233535
GOLFER_OlinBrowne,-0.00365649,-0.009852809,-0.001902672
GOLFER_MattGogel,-0.003636943,-0.012641206,0.000191766
GOLFER_MattHendrix,-0.003588197,-0.004250967,-0.004250967
GOLFER_BrinyBaird,-0.003580634,-0.020872724,-0.001070673
GOLFER_MattKuchar,-0.003523628,-0.002975609,-0.002975609
GOLFER_JimFuryk,-0.003487568,-0.014923261,0.000204148
GOLFER_BernhardLanger,-0.003459286,-0.00405279,-0.001511867
GOLFER_TommyArmourIII,-0.003360647,-0.010646526,-0.002963199
GOLFER_DeanWilson,-0.003221152,-0.004198848,0.003505318
GOLFER_JCAnderson,-0.003153301,-0.01397545,-0.002359726
GOLFER_GregKraft,-0.003100384,-0.003100384,-0.003100384
GOLFER_RobertGarrigus,-0.003080436,-0.004006352,-0.000904252
GOLFER_BrettQuigley,-0.003060366,-0.020181043,0.002314483
GOLFER_MichaelBradley,-0.003022305,-0.003275143,-0.003275143
GOLFER_MarkCalcavecchia,-0.003015144,-0.0168968,-0.001552037
GOLFER_JohnCook,-0.002990335,-0.002917072,-0.002917072
GOLFER_AndrewMcLardy,-0.002950993,-0.002591315,-0.002591315
GOLFER_NathanFritz,-0.002867919,-0.010881474,-0.001806515
GOLFER_BryantMacKellar,-0.002848318,-0.007395334,0.001468673
GOLFER_KennyKnox,-0.002831475,-0.003323216,0.001925801
GOLFER_MathiasGronberg,-0.002815109,-0.010329375,-0.00021024
GOLFER_AndreStolz,-0.002784468,-0.005335487,-0.001582262
GOLFER_BradElder,-0.002776703,-0.006420151,-0.000791833
GOLFER_BobEstes,-0.002767171,-0.002139351,-0.002139351
GOLFER_ScottDunlap,-0.002765767,-0.010186263,-0.002261538
GOLFER_StephenAllan,-0.002740963,-0.012734743,0.003024348
GOLFER_MarkWiebe,-0.00262982,-0.006253679,0.00929654
GOLFER_GregMeyer,-0.002610557,-0.005171581,-0.00220429
GOLFER_MikeDonald,-0.00260873,-0.002446472,-0.002446472
GOLFER_HidetoTanihara,-0.002608224,-0.008086054,-0.000253039
GOLFER_DonnieHammond,-0.002607621,-0.004894191,-0.001653205
GOLFER_StevePate,-0.002604005,-0.002604005,-0.002604005
GOLFER_K.J.Choi,-0.002588273,-0.001961643,-0.001961643
GOLFER_TagRidings,-0.002585315,-0.006662459,-0.001575649
GOLFER_HaleIrwin,-0.002450247,-0.002142903,-0.002142903
GOLFER_BrianSmith,-0.002430827,-0.003652487,-0.001744984
GOLFER_TimConley,-0.002429937,-0.008627551,-0.001434837
GOLFER_MarcoDawson,-0.002421297,-0.005769102,-0.001545032
GOLFER_PierreFulke,-0.002414666,-0.004595101,-0.00162456
GOLFER_SandyLyle,-0.002406463,-0.011305128,-0.000967623
GOLFER_JoseMariaOlazabal,-0.002397042,-0.0040229,0.005444413
GOLFER_DaisukeMaruyama,-0.002367672,-0.012215419,0.009651337
GOLFER_KevinGiancola,-0.002361426,-0.002361426,-0.002361426
GOLFER_BillyMayfair,-0.002332093,-0.003678238,0.000218929
GOLFER_JamesH.McLean,-0.002330427,-0.002510351,-0.000387184
GOLFER_JohnElliott,-0.00231701,-0.004517303,0.003282177
GOLFER_CoreyPavin,-0.002261588,-0.013544381,0.000856661
GOLFER_JasonHartwick,-0.002250424,-0.003294331,0.004586747
GOLFER_MikeSpringer,-0.002235011,-0.002235011,-0.002235011
GOLFER_ShaunMicheel,-0.002206684,-0.01320699,-0.000675438
GOLFER_MichaelAllen,-0.002203849,-0.002058654,0.00132564
GOLFER_DavidFaught,-0.002162698,-0.003810118,-0.001436463
GOLFER_HeathSlocum,-0.002152917,-0.019370672,-0.000165056
GOLFER_GregChalmers,-0.002113446,-0.002113446,-0.002113446
GOLFER_BillBritton,-0.002102224,-0.010367438,-0.000756746
GOLFER_RoccoMediate,-0.002086461,-0.004915764,0.000389551
GOLFER_KenKelley,-0.002067908,-0.01171212,0.00963054
GOLFER_ClintJensen,-0.002066698,-0.001901226,-0.001901226
GOLFER_RichBeem,-0.002034323,-0.003943928,-0.001650319
GOLFER_DarrenFichardt,-0.002033718,-0.003375225,-0.001014662
GOLFER_PadraigHarrington,-0.002012974,-0.004847604,-0.000637126
GOLFER_JohnRiegger,-0.001975072,-0.005738259,-8.98E-05
GOLFER_ScottDrummond,-0.001964394,-0.002482725,-0.002482725
GOLFER_AdamScott,-0.001950044,-0.005030079,-0.000295732
GOLFER_SeanPacetti,-0.001948368,-0.004681482,-9.52E-05
GOLFER_TimWeinhart,-0.001836837,-0.005517864,-0.000651639
GOLFER_MarkWilson,-0.00177752,-0.015083688,2.03E-05
GOLFER_MichaelHenderson,-0.001763655,-0.003849038,0.011361436
GOLFER_ChrisNallen,-0.001745371,-0.002310201,-0.002310201
GOLFER_JohnRollins,-0.001715497,-0.007852042,-0.00068144
GOLFER_BillGlasson,-0.001708595,-0.001378869,-0.001378869
GOLFER_RaphaelJacquelin,-0.001704381,-0.001929985,-0.001929985
GOLFER_KenichiKuboya,-0.001691783,-0.002280425,0.008124892
GOLFER_PaulGoydos,-0.001648858,-0.001405454,-0.001405454
GOLFER_ScottGutschewski,-0.001627994,-0.011138468,0.000638395
GOLFER_MarcelSiem,-0.001559347,-0.009148485,2.86E-06
GOLFER_DavidHowell,-0.001551106,-0.002493856,-0.000158915
GOLFER_KeithFergus,-0.001535028,-0.001535028,-0.001535028
GOLFER_JohnAdams,-0.001518834,-0.001747056,-0.001747056
GOLFER_JimSchuman,-0.001494407,-0.001494407,-0.001494407
GOLFER_MichelleWie,-0.001487398,-0.00639584,0.004409228
GOLFER_KevinHayashi,-0.001379876,-0.001379876,-0.001379876
GOLFER_RonCastilloJr.,-0.001362124,-0.016166227,0.000871514
GOLFER_ZebPatten,-0.001356011,-0.000997722,-0.000997722
GOLFER_GarrettWillis,-0.001329504,-0.001601027,-0.00109714
GOLFER_PaulCasey,-0.001326232,-0.001326232,-0.001326232
GOLFER_JJWall,-0.001314564,-0.001314564,-0.001314564
GOLFER_BrendenPappas,-0.001296924,-0.00938754,0.000254474
GOLFER_JohnShawver,-0.001289241,-0.00229341,0.014424436
GOLFER_BrockMackenzie,-0.001273406,-0.004783255,0.000451184
GOLFER_CharletonDechert,-0.001267796,-0.013544636,0.005706705
GOLFER_ErikCompton,-0.001230797,-0.001230797,-0.001230797
GOLFER_LarryRinker,-0.001230159,-0.004060692,-0.000548693
GOLFER_JayOverton,-0.001218664,-0.005378798,-0.000302012
GOLFER_AkioSadakata,-0.001206891,-0.00448457,-0.001025356
GOLFER_DanPohl,-0.00116546,-0.006249605,0.00036283
GOLFER_CaryHungate,-0.001164607,-0.001164607,-0.001164607
GOLFER_EdFryatt,-0.001125646,-0.001125646,-0.001125646
GOLFER_DavidLebeck,-0.001120349,-0.005519267,0.000302711
GOLFER_QuinnGriffing,-0.001096814,-0.001687682,-0.000567314
GOLFER_DonPooley,-0.001029147,-0.014147535,0.002724849
GOLFER_DavidLundstrom,-0.001023843,-0.001023843,-0.001023843
GOLFER_JimCarter,-0.001017307,-0.00153098,0.007573369
GOLFER_DavidOgrin,-0.001001579,-0.003100343,6.77E-05
GOLFER_KrisMoe,-0.000996323,-0.010167645,0.00682731
GOLFER_JimMcGovern,-0.000984094,-0.004495122,-0.001043179
GOLFER_LucasGlover,-0.000980844,-0.013183324,0.001615502
GOLFER_ScottHend,-0.000967077,-0.001055334,-0.001055334
GOLFER_BubbaWatson,-0.000933421,-0.000632185,-0.000632185
GOLFER_D.A.Points,-0.000922887,-0.003641668,-0.000483987
GOLFER_RussCochran,-0.000920212,-0.013934692,-0.000192089
GOLFER_JimSchoullerJr.,-0.000897202,-0.000774518,-0.000774518
GOLFER_DavidHowser,-0.000894783,-0.002621796,7.66E-05
GOLFER_JohnConnelly,-0.000887398,-0.001720162,0.001585454
GOLFER_TimWilkinson,-0.000881517,-0.010176458,0.00571721
GOLFER_EliZackheim,-0.000873254,-0.012670845,-0.000495053
GOLFER_VictorSchwamkrug,-0.00086845,-0.010065935,0.00588185
GOLFER_DonYrene,-0.000855072,-0.002451131,0.009066921
GOLFER_KellyGibson,-0.000841871,-0.005660191,0.000884415
GOLFER_MikeSmall,-0.000821512,-0.002551669,0.005847463
GOLFER_BrettMelton,-0.000809825,-0.000927669,-0.000927669
GOLFER_JohnE.Morgan,-0.000809008,-0.000706143,-0.000706143
GOLFER_AndyCrain,-0.000785748,-0.003158955,0.001700257
GOLFER_BarryLane,-0.000783206,-0.000783206,-0.000783206
GOLFER_DavidEdwards,-0.000699859,-0.007450614,0.001179202
GOLFER_OmarUresti,-0.000688629,-0.01555302,0.004930989
GOLFER_BobBurns,-0.000673937,-0.000718008,-0.000718008
GOLFER_JeffBrehaut,-0.000656051,-0.000641642,-0.000641642
GOLFER_DanHalldorson,-0.000653831,-0.000397586,-0.000397586
GOLFER_ZaneZwemke,-0.00065092,-0.004784799,0.008259655
GOLFER_SteveElkington,-0.000639878,-0.006265935,-0.000189016
GOLFER_RobertDamron,-0.000624296,-0.007626332,0.002592388
GOLFER_JohnDouma,-0.000603759,-0.001660313,0.00425262
GOLFER_NolanHenke,-0.000598516,-0.000107713,-0.000107713
GOLFER_JinPark,-0.000598102,-0.002115965,0.000686749
GOLFER_Jean-FrancoisRemesy,-0.000565128,-0.000602245,-0.000602245
GOLFER_RyanMoore,-0.000553016,-0.007967569,0.001073238
GOLFER_BobHeintz,-0.000545206,-0.004172415,0.000412561
GOLFER_FrankBensel,-0.000535898,-0.000535898,-0.000535898
GOLFER_GaryHallberg,-0.000533503,-0.000599244,-0.000599244
GOLFER_BobAckerman,-0.000528526,-0.000528526,-0.000528526
GOLFER_JerryHaas,-0.000526791,-0.000704108,-0.000704108
GOLFER_DannyEllis,-0.000499746,-0.000814665,0.003103376
GOLFER_DannyEdwards,-0.00048369,-0.004493403,0.002879944
GOLFER_PatPerez,-0.000478501,-0.011993614,0.001295665
GOLFER_PatBates,-0.00045807,-0.001664917,0.005761537
GOLFER_NickO'Hern,-0.000442955,-0.007063496,0.004153878
GOLFER_NickFaldo,-0.000420657,-0.001921063,-0.00073659
GOLFER_MarioTiziani,-0.000410834,-0.003022944,0.002981726
GOLFER_CraigStadler,-0.000405409,-0.000204623,-0.000204623
GOLFER_RichardZokol,-0.00037919,-0.00419604,0.00113095
GOLFER_NickGilliam,-0.000369074,-0.003065261,0.000976123
GOLFER_MacO'Grady,-0.000361349,-0.000506187,-0.000506187
GOLFER_JayDelsing,-0.000346521,-0.001721425,0.005157202
GOLFER_RobinFreeman,-0.000315908,-0.001595104,0.00054287
GOLFER_JohnMorse,-0.000307215,-0.002139525,0.009618068
GOLFER_TomGleeton,-0.000296135,-0.000242053,-0.000242053
GOLFER_JackNicklaus,-0.000276757,-0.001154265,0.000206435
GOLFER_DerekLamely,-0.000270613,-0.002124623,0.010864945
GOLFER_CamiloVillegas,-0.000267255,-0.003781941,0.002827911
GOLFER_BillyAndrade,-0.000266878,-0.000923169,0.007839745
GOLFER_CraigPerks,-0.000234279,-0.00697274,-0.000443389
GOLFER_FranklinLangham,-0.000211432,-0.003812812,0.001106694
GOLFER_BobbyKalinowski,-0.000198901,-0.002908796,0.005599635
GOLFER_RogerTambellini,-0.000189347,-0.00431625,0.000932162
GOLFER_ChrisHeinz,-0.000188754,-0.000736518,-0.000736518
GOLFER_YusakuMiyazato,-0.000155874,-0.001531147,0.006865017
GOLFER_ScottHeyn,-0.000152823,0.000346084,0.000346084
GOLFER_BradleyHughes,-0.000130093,-0.004407389,0.005893978
GOLFER_MarcGirouard,-0.000115951,-0.001651555,0.007347439
GOLFER_ChrisStroud,-0.000113967,-0.000502704,0.004543994
GOLFER_DerekSanders,-9.37E-05,-0.000813314,-0.000813314
GOLFER_GabrielHjertstedt,-9.01E-05,-0.000231383,-0.000231383
GOLFER_KevinStreelman,-8.31E-05,-0.002753687,0.003088795
GOLFER_TonyRohlik,-7.13E-05,-0.000346213,-0.000346213
GOLFER_DirkAyers,-4.35E-05,0.00036123,0.00036123
GOLFER_BrianHarman,-1.92E-05,-0.005774117,0.015435348
GOLFER_GeoffreySisk,-7.00E-06,-0.003905195,0.002554914
GOLFER_JonTurcott,5.96E-06,-0.012167383,0.003585221
GOLFER_MattWeibring,2.20E-05,0.000255271,0.000255271
GOLFER_BrettUpper,3.15E-05,-0.002418493,0.015812142
GOLFER_SteveScott,4.19E-05,-0.001331806,0.005793177
GOLFER_JayDonBlake,6.34E-05,-0.001232727,0.00024289
GOLFER_EduardoRomero,7.16E-05,3.81E-05,0.004293443
GOLFER_NickPrice,0.000133362,-0.000551682,0.002983277
GOLFER_BobFord,0.000136457,-0.005502502,0.002819734
GOLFER_JonathanKaye,0.000152686,-0.011862745,0.001672571
GOLFER_RicardoGonzalez,0.00015472,0.00015472,0.00015472
GOLFER_RamonBescansa,0.000160917,-0.000517159,-0.000517159
GOLFER_BradAdamonis,0.000167452,-0.000532908,0.005776801
GOLFER_AaronBarber,0.00019801,-0.000266657,-0.000266657
GOLFER_DanOlsen,0.000218706,-0.003194546,0.001401741
GOLFER_MikeGrob,0.000220344,-0.004672505,0.001495218
GOLFER_CaseyMartin,0.00023364,0.000570934,0.000570934
GOLFER_ChezReavie,0.000233835,-1.83E-05,-1.83E-05
GOLFER_GusCable,0.000242376,0.000242376,0.000242376
GOLFER_BryceMolder,0.000264892,-0.000620611,-0.000620611
GOLFER_ChipSullivan,0.000267033,-0.001687167,0.005455278
GOLFER_JustinHicks,0.000269744,-0.000739867,0.00391294
GOLFER_TomScherrer,0.000270855,-0.011750216,0.004766138
GOLFER_DanForsman,0.000295109,-0.007400192,0.006163734
GOLFER_JyotiRandhawa,0.000350267,-0.006879224,0.002736826
GOLFER_NickWatney,0.000359615,-0.007477059,0.002716246
GOLFER_MarkHayes,0.000364722,0.000364722,0.000364722
GOLFER_JoeAffrunti,0.000366249,-0.009483446,0.005886223
GOLFER_GeorgeBradford,0.000369015,0.000369015,0.000369015
GOLFER_BrianHenninger,0.000373021,-0.001040462,0.008159658
GOLFER_SteveStricker,0.000405776,-0.001846401,0.008436523
GOLFER_JeffCoston,0.000439318,-0.000494525,0.007344221
GOLFER_TimParun,0.000455398,-0.000640095,0.014427116
GOLFER_CameronDoan,0.000480554,-0.003330254,0.00484728
GOLFER_JamieElliott,0.000481456,0.000815048,0.000815048
GOLFER_DarrenWallace,0.000520906,0.000377961,0.000377961
GOLFER_DelPonchock,0.000539018,-0.00281616,0.000103054
GOLFER_KevinDurkin,0.000559404,-0.001678924,0.002651328
GOLFER_FuzzyZoeller,0.000564292,0.000752391,0.000752391
GOLFER_PeterSenior,0.000595534,-0.000148062,0.002383855
GOLFER_RichBarcelo,0.000614036,-0.001003185,0.013179951
GOLFER_ParkerMcLachlin,0.000619305,-0.002464605,0.009839439
GOLFER_BradFabel,0.00064558,-0.009678223,0.001716047
GOLFER_ColinMontgomerie,0.000646612,0.000510629,0.000510629
GOLFER_MarcoRuiz,0.00067145,-0.004868116,0.010494052
GOLFER_DavidBerganioJr.,0.000672835,0.00031172,0.00031172
GOLFER_PaulHoltby,0.000680703,0.000680703,0.000680703
GOLFER_CharleyHoffman,0.000700231,0.001264691,0.001264691
GOLFER_Lian-WeiZhang,0.000734309,0.000161466,0.000161466
GOLFER_MiguelAngelJimenez,0.000794199,-0.000896641,0.00348124
GOLFER_DarrenClarke,0.000799634,0.001080346,0.001080346
GOLFER_JamesLepp,0.000830752,-0.002128979,0.00081874
GOLFER_RoyBiancalana,0.000833374,-0.000116517,0.016754039
GOLFER_MichaelClarkII,0.000861632,-0.00541473,0.019896905
GOLFER_DavidHearn,0.000862885,-0.006338997,0.002773502
GOLFER_RobertDeruntz,0.00090164,0.000132135,0.018711903
GOLFER_SvenStruver,0.000904259,-0.000507342,0.005540539
GOLFER_MikeSposa,0.000927128,-0.002317539,0.008294395
GOLFER_GeoffreyDean,0.000945271,0.000831282,0.000831282
GOLFER_SpikeMcRoy,0.000972051,0.000856441,0.000856441
GOLFER_GaryWolstenholme,0.000983241,0.000983241,0.000983241
GOLFER_LeeWestwood,0.000983691,-0.000122807,0.004106727
GOLFER_BrianWatts,0.001033502,-0.004519135,0.004015775
GOLFER_DavidCarr,0.001034047,-0.001445992,0.008776392
GOLFER_JimGallagherJr.,0.001036404,0.00021187,0.004469307
GOLFER_RettCrowder,0.001048275,0.001048275,0.001048275
GOLFER_BradHauer,0.001052277,-0.003768475,0.003471282
GOLFER_GregNorman,0.001065502,0.000882325,0.000882325
GOLFER_JohnBermel,0.001097316,-0.00167937,0.006460615
GOLFER_DavidChurch,0.001103012,-0.006216856,0.001606098
GOLFER_PaulStankowski,0.001134096,0.00083553,0.006039539
GOLFER_BradleyHeaven,0.001138234,0.00032638,0.00032638
GOLFER_CraigParry,0.00115364,-0.003780382,0.001181087
GOLFER_DarrellKestner,0.001154032,0.000301067,0.000301067
GOLFER_RyanWelborn,0.001162456,-0.002393198,0.010074552
GOLFER_PeterLonard,0.001174771,0.000263729,0.011159636
GOLFER_AlexCejka,0.001176831,-0.006162254,0.004601548
GOLFER_BradBryant,0.001193217,0.000480057,0.000480057
GOLFER_DaveStocktonJr.,0.001214832,0.001214832,0.001214832
GOLFER_JasonLaing,0.001215859,0.000780576,0.000780576
GOLFER_TjaartvanderWalt,0.001217116,-0.000795999,0.010148382
GOLFER_BenCrenshaw,0.001241457,0.000627675,0.000627675
GOLFER_LeifOlsen,0.001254382,-0.000409645,0.012514694
GOLFER_JoeyMaxon,0.001260425,-8.75E-05,0.018288044
GOLFER_SeanMurphy,0.001273409,0.000725065,0.004818049
GOLFER_StephenSokol,0.001330638,0.001330638,0.001330638
GOLFER_DavidNoll,0.001335725,-9.46E-06,0.002357002
GOLFER_D.J.Trahan,0.001351788,0.000357372,0.006340534
GOLFER_BrettRumford,0.001372114,-0.003710446,0.006069982
GOLFER_DougBarron,0.001381866,0.00044324,0.003221179
GOLFER_MikeSullivan,0.001384461,-0.010161737,0.006309314
GOLFER_JasonGore,0.001424044,-0.007816894,0.002494474
GOLFER_BenoitBeisser,0.00142935,-0.00250036,0.010236927
GOLFER_UlyGrisette,0.001442278,0.000297885,0.005244917
GOLFER_EricAxley,0.001457583,-0.005521333,0.002545469
GOLFER_JohnsonWagner,0.001483837,0.001019668,0.001019668
GOLFER_KevinStadler,0.001490613,0.001301576,0.001301576
GOLFER_PhilBlackmar,0.001494131,-0.000100363,0.00701782
GOLFER_DeanA.Wilson,0.001508751,-0.000113124,0.0143742
GOLFER_ScottMcCarron,0.00151578,0.001460951,0.003016274
GOLFER_RickyBarnes,0.001530366,-0.002497501,0.021697094
GOLFER_CharlesWarren,0.001539358,-0.002835976,0.005357026
GOLFER_PaytonOsborn,0.001563282,0.001228005,0.001228005
GOLFER_SpencerLevin,0.001590087,0.001590087,0.001590087
GOLFER_SteveFriesen,0.001602339,-5.45E-05,0.008427324
GOLFER_NickCassini,0.00160305,0.000367809,0.002771714
GOLFER_TrevorImmelman,0.001613128,-0.000674404,0.011198576
GOLFER_PeteJordan,0.001634052,-0.007762163,0.002727344
GOLFER_KeithClearwater,0.001636754,0.00099766,0.00099766
GOLFER_BrandonKnaub,0.001640322,0.001864284,0.001864284
GOLFER_JimRutledge,0.001665428,-0.001857528,0.004440788
GOLFER_NiclasFasth,0.001703303,-0.005992868,0.003226655
GOLFER_AndyBarrett,0.001715051,0.000310261,0.009442214
GOLFER_BrandtJobe,0.001728858,0.001780393,0.001780393
GOLFER_IanPoulter,0.001747144,-0.006278945,0.002754497
GOLFER_DavidIshii,0.001747648,-0.000381237,0.009547324
GOLFER_TommyTolles,0.001757778,-0.002268733,0.013489328
GOLFER_RonPhiloJr.,0.001766237,0.000720704,0.020329491
GOLFER_MichaelBeard,0.001772247,0.001772247,0.001772247
GOLFER_BrentSchwarzrock,0.00177451,-0.008370407,0.002681653
GOLFER_DavidFrost,0.001814217,0.000737226,0.004335741
GOLFER_JeffGove,0.001843331,0.001105855,0.00200115
GOLFER_KeiichiroFukabori,0.001855225,-0.001276514,0.004818083
GOLFER_JohnEllis,0.001925501,0.001318733,0.012092139
GOLFER_SteveBurns,0.001933358,-0.000919658,0.007410716
GOLFER_ToddBarranger,0.001936919,0.001936919,0.001936919
GOLFER_StevenTate,0.001960209,0.001954672,0.001954672
GOLFER_BrettPaquet,0.001963076,-8.16E-05,0.006549096
GOLFER_KrisCox,0.001969017,0.001004163,0.01018186
GOLFER_BrendanJones,0.001976608,0.000493389,0.013418369
GOLFER_HeathWassem,0.001984071,-0.000924647,0.003949792
GOLFER_GraemeMcDowell,0.002032586,0.002139029,0.002139029
GOLFER_ScottWeatherly,0.002052233,0.000314182,0.002986817
GOLFER_JoakimHaeggman,0.002057082,-0.003214318,0.003175898
GOLFER_CraigBowden,0.002063843,0.000322835,0.002896608
GOLFER_BrianDixon,0.002067276,-0.001112833,0.006893299
GOLFER_DaveEichelberger,0.002077213,-0.002477239,0.009771246
GOLFER_LarryMize,0.002095732,0.001223287,0.004907682
GOLFER_DavidSchnider,0.002102226,0.002102226,0.002102226
GOLFER_StephenWoodard,0.002103565,0.000541756,0.004120062
GOLFER_DaveRummells,0.002117829,0.002309976,0.002309976
GOLFER_IanWoosnam,0.00211997,0.00146304,0.007048072
GOLFER_JohnBungert,0.002146274,-0.000267581,0.005984572
GOLFER_MichaelCampbell,0.002151049,0.001601097,0.003917953
GOLFER_JerrySmith,0.002158242,-0.009346221,0.003350336
GOLFER_ScottPiercy,0.002180925,-0.006816229,0.003904289
GOLFER_StanUtley,0.002182082,0.002182082,0.002182082
GOLFER_SteveSchneiter,0.002187283,0.000928352,0.010740341
GOLFER_GeorgeBurns,0.00219479,-0.003436134,0.00848953
GOLFER_MarkEvenson,0.002205348,-0.005065217,0.020901751
GOLFER_JamieRogers,0.002223446,-0.00493527,0.008757566
GOLFER_KenGreen,0.002239284,0.000145752,0.009068294
GOLFER_TomCarter,0.002239745,-0.000978039,0.008819651
GOLFER_MikeNorthern,0.002261734,0.001961825,0.001961825
GOLFER_EdFiori,0.002269334,0.001433578,0.003036977
GOLFER_LenMattiace,0.002308648,0.001178895,0.012592309
GOLFER_JimmyGreen,0.002310366,0.002095891,0.002095891
GOLFER_ChrisBotsford,0.002323886,-0.002713262,0.003515971
GOLFER_AndrewTschudin,0.002325045,0.001636831,0.012848588
GOLFER_WillieWood,0.002333113,0.000544518,0.002853603
GOLFER_HankKuehne,0.002370914,0.001580579,0.015454722
GOLFER_BrianWilson,0.002371297,-0.003031086,0.014900261
GOLFER_AngelCabrera,0.00239562,0.001002433,0.004358165
GOLFER_TatsuakiNakamura,0.002406556,0.001520535,0.00998723
GOLFER_DerekGillespie,0.002409208,-0.000498337,0.006817932
GOLFER_CraigDoell,0.002426064,0.001761545,0.001761545
GOLFER_WilliamLinkIV,0.002448348,0.001092868,0.004259401
GOLFER_DavidSutherland,0.00245682,0.001839875,0.003203452
GOLFER_DannyMulhearn,0.00246229,0.001800015,0.005532736
GOLFER_KenDuke,0.002469181,0.00029413,0.010228612
GOLFER_ShingoKatayama,0.00250298,0.001583948,0.003629342
GOLFER_CharlieBrown,0.002505918,0.00018182,0.009099832
GOLFER_MiguelRivera,0.002528115,0.002433608,0.002433608
GOLFER_BrandelChamblee,0.002530917,0.000929979,0.008684338
GOLFER_DennisColligan,0.002542638,-0.000755397,0.005028335
GOLFER_ScottHarrington,0.002544447,0.002544447,0.002544447
GOLFER_MarcBourgeois,0.00254797,0.001971802,0.007098963
GOLFER_RickyTouma,0.002560201,0.000767585,0.006263862
GOLFER_MyungJunPark,0.002571606,0.001744577,0.008970895
GOLFER_JoelKribel,0.002589592,0.002589592,0.002589592
GOLFER_DavidBranshaw,0.002590474,0.001132357,0.020195481
GOLFER_RickFehr,0.002594128,-0.000571633,0.003104544
GOLFER_GeorgeBryan,0.002606571,-0.000679126,0.004049483
GOLFER_HunterMahan,0.002639709,0.002639709,0.002639709
GOLFER_RobertThompson,0.002639943,0.00260908,0.00260908
GOLFER_BenCurtis,0.00264271,0.001122258,0.003333478
GOLFER_LonnyAlexander,0.002656245,0.00104172,0.004237788
GOLFER_BruceSmith,0.002660868,-0.0002416,0.014900511
GOLFER_VanceVeazey,0.002677482,0.001068218,0.011407259
GOLFER_MichaelPearson,0.002705308,-4.56E-05,0.003200803
GOLFER_DavidBranham,0.002724748,0.002692129,0.002692129
GOLFER_J.B.Sneve,0.002727183,0.000588009,0.006064762
GOLFER_MikeBakerJr.,0.002727731,0.000205961,0.003415397
GOLFER_MattLoving,0.002758667,0.000435559,0.004559946
GOLFER_AlanMorin,0.002759339,0.002850278,0.002850278
GOLFER_JimmyWalker,0.002778073,0.001182977,0.006288529
GOLFER_CarlAlexander,0.002784895,-0.001655448,0.006284908
GOLFER_HiroyukiFujita,0.002806464,0.002806464,0.002806464
GOLFER_CraigThomas,0.002807958,-0.002143491,0.01342949
GOLFER_DavidMathis,0.002850125,0.001852987,0.020143331
GOLFER_RaymondFloyd,0.002854907,0.00283406,0.00283406
GOLFER_FrankGraziosa,0.002866134,-0.001094439,0.003979978
GOLFER_MikeSchuchart,0.002881117,0.001698319,0.009354695
GOLFER_GeneSauers,0.002894477,0.001584787,0.003838719
GOLFER_GaryPlayer,0.002899262,0.002899262,0.002899262
GOLFER_SteveLowery,0.002908528,-0.004482135,0.006824473
GOLFER_BobbyCochran,0.002919991,0.000837942,0.007882034
GOLFER_CurtisStrange,0.002921791,0.001606789,0.014854574
GOLFER_S.K.Ho,0.002948219,0.002654196,0.004424488
GOLFER_BrandtSnedeker,0.002974154,0.001920097,0.004473186
GOLFER_SeanFarren,0.002977766,0.000659697,0.003732375
GOLFER_KellyMitchum,0.002990669,-0.00681675,0.013153997
GOLFER_CarlPaulson,0.003022918,0.003022918,0.003022918
GOLFER_JefferyW.Martin,0.003037027,0.001659718,0.014143256
GOLFER_ThomasLevet,0.003038433,0.000100219,0.013544745
GOLFER_PhilTataurangi,0.003052097,-3.15E-05,0.00967798
GOLFER_MattSeppanen,0.003053446,0.003071887,0.003071887
GOLFER_AlanSchulte,0.003066159,-0.001627536,0.008490151
GOLFER_SteveGotsche,0.003067186,-0.001095119,0.013870635
GOLFER_OscarAlvarez,0.00307544,0.001780781,0.004800281
GOLFER_EdwardLoar,0.003082086,0.002023025,0.004461567
GOLFER_CaseyBourque,0.003107633,0.001746184,0.012582544
GOLFER_TomWatson,0.003118186,-0.006756972,0.003111091
GOLFER_JasonCaron,0.003134282,-0.000618751,0.003545022
GOLFER_SamRandolph,0.003142242,0.002031908,0.010604594
GOLFER_AndyMorse,0.003154722,0.001088391,0.008426795
GOLFER_MikeAustin,0.003198768,0.003113972,0.003113972
GOLFER_ToshiIzawa,0.003208672,0.000255764,0.006102262
GOLFER_BlaineMcCallister,0.003224204,0.001152511,0.009260121
GOLFER_TrippIsenhour,0.003226703,-0.002775052,0.008633421
GOLFER_TimFleming,0.00323141,0.00323141,0.00323141
GOLFER_BradSutterfield,0.003271348,0.002310645,0.011280096
GOLFER_PaulAzinger,0.003308061,0.001921988,0.004816848
GOLFER_SteveVecellio,0.003321408,0.00137257,0.004374976
GOLFER_DavidOh,0.003325323,-0.000510143,0.012788342
GOLFER_JonathanOta,0.003334996,0.003334996,0.003334996
GOLFER_DavidTentis,0.003338728,0.001682178,0.007970921
GOLFER_AaronBaddeley,0.003345935,0.002002378,0.011655521
GOLFER_MikeStandly,0.003369003,-0.000472511,0.003912888
GOLFER_FrankVana,0.003427438,0.001850419,0.008400525
GOLFER_ScottSimpson,0.003430228,0.000178041,0.003785238
GOLFER_JeffRoth,0.003437856,0.001914132,0.003371453
GOLFER_MarkO'Meara,0.003471723,0.00109914,0.008246737
GOLFER_CaseyWittenberg,0.003472632,0.002408404,0.021798452
GOLFER_CliffKresge,0.003474163,0.003212093,0.003212093
GOLFER_NathanSmith,0.003479123,0.00204677,0.009586171
GOLFER_BrianKortan,0.003492131,0.003492131,0.003492131
GOLFER_BobMucha,0.003543203,0.000429616,0.004457508
GOLFER_IanLeggatt,0.003580597,0.002540267,0.00955485
GOLFER_ShawnKelly,0.003638839,0.003576313,0.003576313
GOLFER_PaulMcGinley,0.003667043,0.004296363,0.004296363
GOLFER_LorenPersonett,0.003718175,0.002400175,0.01992935
GOLFER_BobSowards,0.003729664,0.003729664,0.003729664
GOLFER_GuyBoros,0.003738909,0.000552352,0.015138949
GOLFER_JamieNeher,0.003744563,0.001830471,0.004259135
GOLFER_TomKite,0.0037616,0.0037616,0.0037616
GOLFER_RobMcMillan,0.003804493,-6.46E-05,0.012613552
GOLFER_MikeHeinen,0.003807613,0.00156336,0.010370667
GOLFER_Per-UlrikJohansson,0.003823306,0.003289373,0.003289373
GOLFER_EstebanToledo,0.003864519,-0.000243607,0.00820902
GOLFER_LeeRinker,0.003867829,0.002132539,0.008604446
GOLFER_JonMills,0.003871308,0.00305798,0.015983567
GOLFER_DavidRoesch,0.003883964,0.00219394,0.006633554
GOLFER_HalSutton,0.003925057,0.00054255,0.011141575
GOLFER_MikeHulbert,0.003955411,0.000513362,0.008556969
GOLFER_ThongchaiJaidee,0.0040595,-0.000734043,0.004764465
GOLFER_RichardScott,0.004083396,-0.000651385,0.00589759
GOLFER_ArjunAtwal,0.004102057,0.001656306,0.007360249
GOLFER_D.J.Brigman,0.004107087,0.002755318,0.01268842
GOLFER_ToddGleaton,0.004135904,-0.001370025,0.024571438
GOLFER_RogerMaltbie,0.004156446,-0.000659215,0.006461205
GOLFER_SeanEnglish,0.004183188,0.004098649,0.011040826
GOLFER_KevinHaefner,0.00421994,0.003944522,0.003944522
GOLFER_PatrickPrince,0.004307929,0.002612593,0.005398503
GOLFER_MikeLavery,0.004426359,0.003079891,0.014959476
GOLFER_CharlesCoody,0.004431913,0.00386567,0.008595814
GOLFER_GlenHnatiuk,0.004459117,0.004062867,0.004062867
GOLFER_RickLeibovich,0.004487323,0.001647742,0.00938486
GOLFER_BoydSummerhays,0.004507763,-0.000155832,0.004755903
GOLFER_KevinSavage,0.004531568,0.003536874,0.010122155
GOLFER_TyArmstrong,0.004673755,0.002266889,0.013112608
GOLFER_BradLardon,0.004721761,0.003121903,0.011150233
GOLFER_RodCurl,0.004727309,0.002630142,0.008183189
GOLFER_NickFlanagan,0.004741241,0.003572839,0.024521957
GOLFER_TetsujiHiratsuka,0.004827322,0.004776577,0.004776577
GOLFER_DavidDuval,0.004857351,0.001020675,0.016869204
GOLFER_ChrisWinkel,0.004899096,0.004337132,0.008942654
GOLFER_BrianDavis,0.004903198,0.005053922,0.005053922
GOLFER_TommyAaron,0.004912296,0.003898492,0.011308025
GOLFER_GrantWaite,0.005067294,0.00144579,0.006726584
GOLFER_RobertHamilton,0.005096964,0.004495916,0.00869879
GOLFER_PhillipPrice,0.005320411,0.003316091,0.014432864
GOLFER_MikeHarmon,0.005356646,0.003418497,0.007896832
GOLFER_DeanProwse,0.005360025,0.005360025,0.005360025
GOLFER_CraigStevens,0.00543119,0.004788659,0.006024373
GOLFER_PaulLawrie,0.005645225,0.000827392,0.008947225
GOLFER_PatrickDamron,0.005674764,0.005295334,0.011942959
GOLFER_JohnAber,0.005676035,0.003494733,0.011838398
GOLFER_DickyPride,0.005857432,0.001919685,0.01139888
GOLFER_TrevorDodds,0.005964682,0.00411458,0.006856974
GOLFER_FultonAllem,0.006286996,0.003674358,0.027171212
GOLFER_ThomasBjorn,0.00644191,0.004802914,0.008306687
GOLFER_TimTims,0.006723488,0.005419602,0.020597512
GOLFER_TedTryba,0.006798893,0.003920558,0.017757021
GOLFER_MarkBrooks,0.006844094,0.00525485,0.022340145
GOLFER_DavidMorlandIV,0.007054256,0.005490785,0.00815552
GOLFER_JeffreyLankford,0.007083414,0.000894922,0.00850185
GOLFER_ArnoldPalmer,0.007160011,0.006337296,0.021154745
GOLFER_HirofumiMiyase,0.007362212,0.004003368,0.014381911
GOLFER_BobLohr,0.007476664,0.005949533,0.013600493
GOLFER_PatrickMoore,0.008621015,0.006069763,0.026714457
GOLFER_KevinMuncrief,0.008690929,0.003818803,0.017228053
GOLFER_JohnMaginnes,0.008876956,0.006285351,0.014085064
GOLFER_ChrisCouch,0.00929214,0.006716962,0.015029284
GOLFER_DavidGossett,0.020467921,0.011301774,0.0511917
