,1,2,3,4,5,6,7,8,9,10,11,12,13,14,15,16,17,18,19,20,21,22,23,24,25,26,27,28,29,31,32,33,34,35,36,37,38,39,40,41,42
AaronBaddeley,67.75000,,72.00000,73.66667,71.75000,69.75000,66.75000,,70.75000,72.25000,77.50000,,,,73.50000,,75.00000,73.75000,71.00000,,74.50000,,75.50000,71.75000,72.25000,,,,72.00000,,,70.50000,70.75000,73.00000,70.50000,75.50000,,,,73.00000,72.00000
AaronBarber,,,,72.33333,,,,,,,,,,,78.50000,71.50000,,,,74.00000,,,,68.50000,76.50000,69.25000,73.50000,69.00000,71.50000,,,69.75000,71.50000,73.25000,,,68.75000,,,,
AdamMeyer,,,,,,,,,,,,,,,,,,,,,,,,,,,,,,,,,,,69.50000,,,,,,
AdamScott,71.50000,,,,,,,,,69.25000,69.00000,73.50000,76.50000,,,,,,,,,70.50000,75.00000,65.75000,,,,,,70.75000,72.25000,,67.75000,,,,,,,,
AkioSadakata,,,,,,,,,,,,,,,,,,,,,,,,,,,72.50000,,,,,,,,,,,,,,
AlanMorin,,,,,,,,76.00000,,,,,,,,,,,,,,,,,,,,,,,,,,,,,,,,,
AlanSchulte,,,,,,,,,,,,,,,,,,,,,,,,,,,,,,75.50000,,,,,,,,,,,
AlexCejka,,,68.50000,,75.50000,72.50000,,69.25000,73.00000,72.00000,72.00000,,72.75000,70.50000,72.75000,,,,,,75.50000,72.00000,75.75000,68.25000,,,72.50000,,,73.00000,69.00000,,,,,,,68.25000,,,73.50000
AndreStolz,69.50000,,,72.33333,72.50000,,70.75000,,,,,73.50000,,,73.00000,69.50000,,,,75.00000,,,,73.50000,74.50000,71.50000,,,,,,75.00000,,74.00000,69.50000,74.00000,,66.50000,,,
AndrewMcLardy,,,,,,,,,,,,,,,,70.25000,,,,,,,,,,,,,,,73.75000,,,,,,,,,,
AndrewTschudin,,,,,,,,,,,,,,,,,,,,,,,74.50000,,,,,,,,,,,,,,,,,,
AndyBarrett,,,,,,,,,,,,,,,,,,,,,,,,,,,,81.00000,,,,,,,,,,,,,
AndyCrain,,,,,,,,,,,,,,,,,77.50000,,,,,,,,,,,,,,,,,,,,,,,,
AndyMorse,,,,,,,,,74.50000,,,,,,,,,,,,,,,,,,,,,,,,,,,,,,,,
AngelCabrera,,,,,,71.50000,68.25000,69.50000,,,,,75.50000,,,,,,,,,,72.25000,,,,,,,75.00000,68.50000,,,,,,,,,,
ArjunAtwal,70.00000,,,71.00000,71.25000,,70.50000,71.50000,73.50000,72.50000,,78.00000,,,73.50000,73.50000,75.50000,,,74.00000,76.50000,71.50000,,72.50000,74.50000,,,72.50000,70.50000,,,68.50000,71.50000,70.75000,68.75000,72.50000,,72.33333,68.75000,69.00000,
ArnoldPalmer,,,,,,,,,,83.50000,,,84.00000,,,,,,,,,,,,,,,,,,,,,,,,,,,,
ArronOberholser,,,70.25000,69.75000,73.00000,71.50000,,,,72.00000,73.00000,71.50000,,75.00000,72.50000,,69.25000,,,,73.00000,71.50000,,68.00000,,,,,,71.00000,,,71.25000,,,,,69.33333,70.75000,70.50000,70.50000
BarryLane,,,,,,,,,,,,,,,,,,,,,,,,,,,,,,,72.25000,,,,,,,,,,
BartBryant,68.75000,,,,,,73.00000,,,,,73.50000,,,75.50000,71.00000,,69.75000,,71.00000,,70.50000,,69.50000,71.00000,69.50000,,68.75000,71.50000,,,70.00000,73.50000,,65.25000,73.00000,71.50000,69.66667,,68.25000,70.75000
BenCrane,68.50000,66.80000,71.50000,,,71.00000,,75.00000,,72.50000,73.00000,70.25000,,71.25000,72.25000,,72.50000,71.50000,,70.50000,76.50000,,,69.50000,,69.25000,,,,70.75000,,,72.50000,,68.50000,72.50000,,67.75000,69.25000,70.25000,73.00000
BenCrenshaw,,,,,,,,,,,,,74.50000,,,,,,,,,,,,,,,,,,,,,,,,,,,,
BenCurtis,70.00000,,,,,71.50000,,73.00000,,71.75000,74.00000,,75.00000,70.50000,,,71.50000,,,,70.50000,,73.50000,,72.50000,,,,,73.50000,,,73.50000,,,70.75000,,,72.50000,68.25000,
BenoitBeisser,,,,,,,73.50000,,,,,,,,,,,,,,,,,,,,,,,,,,,,,,,,,,
BernhardLanger,,67.00000,69.25000,,72.25000,70.50000,,68.50000,73.25000,71.75000,73.75000,,71.25000,71.00000,,,,,,,,,,,,,,,,73.50000,73.00000,,,,,,,,,75.00000,70.00000
BillBritton,,,,,,,,,,,,,,,,,,,,,,,,,,,72.00000,,,73.50000,,,,,,,,,,,
BillGlasson,,,73.50000,70.25000,73.00000,,67.75000,71.75000,,,,,,,,,,,77.00000,73.50000,,,,70.00000,,71.50000,71.50000,,70.25000,,,,,71.25000,69.50000,,68.50000,69.33333,,,74.00000
BillHaas,,,,,,,,,,,,,,,,,,,,,,,74.25000,70.00000,,70.50000,68.50000,,71.50000,,,70.25000,69.25000,70.75000,,,,,,,
BillyAndrade,,68.40000,75.00000,72.33333,73.00000,70.50000,,73.50000,77.00000,73.00000,78.00000,75.50000,,71.50000,73.00000,,73.00000,70.75000,,70.25000,73.75000,72.25000,,69.50000,,,70.50000,67.50000,69.00000,76.50000,,69.50000,71.50000,70.25000,,72.00000,69.25000,68.50000,70.75000,68.25000,72.50000
BillyMayfair,,70.25000,73.00000,,70.00000,72.00000,69.25000,70.75000,72.00000,,72.75000,73.25000,,72.75000,72.00000,,72.50000,71.50000,73.00000,72.50000,,72.50000,77.50000,71.00000,70.75000,,,73.00000,70.50000,,,69.50000,72.00000,72.75000,,70.00000,,68.25000,73.75000,72.50000,71.25000
BlaineMcCallister,72.00000,,,74.00000,73.50000,,69.00000,74.50000,75.50000,,,71.50000,,72.50000,72.25000,71.00000,73.75000,73.50000,,73.00000,,74.00000,,71.00000,72.50000,71.00000,71.50000,72.50000,,,,73.00000,72.50000,73.50000,72.50000,,71.00000,69.33333,70.25000,,
BoVanPelt,67.75000,70.25000,68.50000,71.25000,69.75000,70.25000,,70.25000,75.50000,70.75000,,73.75000,,,71.50000,72.00000,,68.75000,68.50000,,75.50000,69.25000,73.75000,68.00000,,,,67.75000,,71.75000,,68.75000,72.00000,,68.00000,73.00000,,68.50000,69.50000,71.00000,71.75000
BobAckerman,,,,,,,,,,,,,,,,,,,,,,,,,,,,,79.00000,,,,,,,,,,,,
BobBurns,69.75000,68.40000,72.00000,,72.50000,72.00000,72.50000,,74.00000,,70.75000,72.75000,,70.25000,73.50000,68.75000,74.00000,70.50000,72.50000,72.50000,,73.00000,,,71.00000,73.50000,,,69.75000,,,70.25000,72.75000,77.50000,70.00000,69.75000,,71.00000,71.00000,71.00000,73.50000
BobEstes,,68.20000,69.25000,,72.00000,75.00000,,,73.00000,,75.00000,,73.75000,72.00000,,69.25000,,71.00000,72.75000,68.50000,,,73.00000,,73.00000,,,70.00000,,74.00000,,,,,67.25000,,71.00000,67.50000,,69.25000,69.50000
BobFord,,,,,,,,75.00000,,,,,,,,,,,,,,,,,,,,,,,,,,,,,,,,,
BobHeintz,,,,,,,,,74.50000,,,,,,,,,,,,,,,,,,,,,,,,,,,,,,,,
BobLohr,,,,,,,,,,,,,,,,,,,,,,,,,,,82.50000,,,,,,,,,,,,,,
BobMucha,,,,,,,,,,,,,,,,,,,,,,,,,,,,,,,,78.50000,,,,,,,,,
BobSowards,,,,,,,,,,,,,,,,,,,,,,,,,,,,,,77.50000,,,,,,,,,,,
BobTway,,,69.00000,,70.50000,68.75000,,74.00000,,,73.75000,74.50000,73.00000,74.50000,,69.75000,,69.50000,69.75000,,76.50000,71.25000,73.00000,,,,,,69.25000,73.00000,68.75000,,,71.25000,68.50000,,,69.33333,,70.50000,
BobbyCochran,,,,,,,,,,,,,,,,,,,,77.50000,,,,,,,,,,,,,,,,,,,,,
BobbyKalinowski,70.00000,,,,,,,,,,,,,,,,,,,,,,,,,,,,,,,,,,,,,,,,
BoydSummerhays,70.00000,,,71.25000,73.50000,,70.50000,73.50000,75.00000,,,74.00000,,,,,,,,,,,,,,,,,,,,,,,,,,,,,
BradAdamonis,,,,,,,,,,,,,,,,,,,,,,72.75000,,,,,,,,,,,,,,,,,,,
BradBryant,,,,,,,,,,,,,,,,,,,,,,,,,,,71.75000,,,,,,,,68.25000,,69.50000,,,72.00000,
BradElder,,,,,,,,,,,,,,,,,,72.50000,,,,,,,,,,,,,,,,,,,,,,,
BradFabel,,,,,,,,,,,,,,,,,,,,,,,,,,,73.00000,,,,,,,,,,,,,,
BradFaxon,,,,72.66667,73.00000,72.00000,,,70.00000,71.25000,72.25000,,73.75000,72.75000,,,72.25000,71.50000,71.00000,,71.25000,70.00000,73.00000,70.50000,,,,69.25000,,71.00000,70.75000,68.50000,69.25000,,,72.00000,,,70.50000,70.50000,73.50000
BradHauer,,,,,,,,,,,,,,,,,,,,,,,,,,,,,,,,,,,,,,,,75.00000,78.50000
BradLardon,70.00000,,,74.66667,,,,,,,,78.00000,,,,71.00000,,,,74.50000,,,74.00000,71.50000,72.25000,71.00000,,72.75000,74.00000,,,72.50000,,,70.25000,,70.00000,,,,
BradSutterfield,,,,,,,,,,,,,,,,,,,,,,,,,,,,,,,,,,73.00000,,,,,,,
BradleyHeaven,,,,,,,,,,,,,,,,,,,,,,,,,,76.00000,73.00000,,75.50000,,,,,,,,,,,,
BradleyHughes,,,,,,,,,,,,,,,,,,,,,,,,,,,,,,,,71.00000,,,,,,,,,
BrandelChamblee,,,,,,,,,,,,,,,,,,,,,,,,,,,,,,,,,,,71.25000,,,,,,
BrandonKnaub,,,,,,,,,,,,,,,,,,,,,,,,74.00000,,,,,,,,,,,,,,,,,
BrandtJobe,,70.50000,69.25000,,70.00000,69.00000,,74.50000,72.25000,,73.50000,,,,,,73.00000,71.50000,,,,,,,,,,,,,,,,,,,,,,,
BrandtSnedeker,,,,,,,,,,,,,75.00000,,75.00000,72.50000,,69.00000,,73.50000,74.50000,72.50000,,,73.00000,,71.75000,,,,,,,,,,,,,,
BrendanJones,,,,,,,,,,,,,,,,,,,,,,,74.50000,,,,,,,75.50000,,,,,,,,,,,
BrendenPappas,67.75000,70.00000,68.50000,,72.00000,71.75000,70.00000,72.25000,71.00000,,74.00000,73.50000,,76.00000,74.50000,73.50000,,,72.25000,71.75000,73.00000,73.00000,,71.50000,73.00000,74.00000,68.75000,69.75000,68.75000,74.00000,,72.00000,74.50000,,67.75000,71.00000,69.75000,72.33333,71.00000,69.25000,71.50000
BrentGeiberger,69.00000,70.00000,69.75000,,73.50000,69.00000,69.75000,,,,,72.50000,,,,,72.50000,71.00000,73.00000,70.50000,,,,70.00000,72.75000,71.00000,,69.75000,71.00000,,,69.00000,70.75000,,67.00000,71.25000,68.50000,70.00000,67.50000,,73.50000
BrentSchwarzrock,,,,,,,,,,,,,,,,72.50000,,,,,,,,,,,,,,,,,,,,,,,,,
BrettMelton,,,,,,,,,,,,,,,,,,,,,,,,,76.50000,,,,,,,,,,,,,,,,
BrettPaquet,,,,,,,,,,,,,,,,,,,,79.00000,,,,,,,,,,,,,,,,,,,,,
BrettQuigley,70.00000,,,72.00000,70.25000,72.00000,,70.50000,71.00000,71.50000,72.25000,72.75000,,,76.00000,73.00000,71.75000,,70.25000,71.00000,,69.75000,,73.50000,71.50000,,70.00000,67.25000,69.75000,72.00000,,71.00000,71.50000,71.25000,,75.00000,70.50000,69.33333,70.00000,71.50000,71.75000
BrettRumford,,,,,,,,,,,,,,,,,,,,,,,,,,,,,,,70.50000,,,,,,,,,,
BrettUpper,,,77.50000,,,,74.00000,,,,,,,,,,,,,,,,,,,,,,,,,,,,,,,,,,
BrianBateman,72.00000,,,71.25000,72.75000,,69.00000,70.50000,69.50000,72.50000,,72.75000,,71.50000,71.75000,68.00000,,68.50000,69.25000,71.25000,,,,,72.50000,,,72.00000,74.00000,73.00000,,,72.00000,,69.50000,,71.00000,,,69.00000,71.75000
BrianDavis,,,,,,,,,,,75.50000,,77.50000,,,,,,,,,,73.00000,,,,,,,71.00000,,,,,,,,,,,
BrianDixon,,,,,,,,,,,,79.00000,,,,,,,,,,,,,,,,,,,,,,,,,,,,,
BrianGay,68.75000,,,,,,69.00000,73.00000,72.50000,72.00000,,71.25000,,74.00000,73.75000,70.50000,74.00000,70.50000,69.25000,69.00000,,70.25000,74.00000,72.00000,73.50000,71.00000,,69.25000,69.50000,,,71.00000,72.50000,73.00000,68.00000,71.25000,73.00000,67.50000,72.00000,69.25000,71.00000
BrianHarman,,,,,,,,,,,,,,78.50000,,,,,,,,,,,,,,,,,,71.00000,,,,,,,,,
BrianHenninger,,,,74.33333,,,71.25000,,,,,,,,,,,,,75.00000,,,,,,74.00000,74.50000,,,,,,72.50000,,70.00000,,71.00000,,,,
BrianKortan,70.50000,,,73.33333,72.50000,,72.00000,,,,,73.75000,,,73.00000,72.50000,,,,69.50000,,,,74.00000,74.50000,71.00000,69.50000,72.00000,72.00000,,,69.50000,73.50000,73.00000,71.50000,72.00000,73.00000,70.33333,73.50000,,
BrianSmith,,,,,,,,,,,,,,,76.00000,,,,,,,,,,,,,,,,,,,,,,,,,,
BrianWatts,,,,72.66667,,,70.50000,,,,,75.00000,,,,,,73.50000,,,,,,,,,,,73.00000,,,75.50000,,73.00000,69.00000,,,,,,
BrianWilson,,,,,,,,,,,,,,,,,,,,75.50000,,,,,,,,,,,,,,,,,,,,,
BrinyBaird,66.75000,70.00000,71.00000,,71.50000,68.75000,,70.50000,70.75000,,72.00000,71.50000,75.00000,,74.00000,69.25000,,68.75000,71.00000,,72.75000,73.50000,73.50000,,71.50000,69.75000,,,70.50000,72.00000,,,72.50000,,70.00000,,,68.00000,71.00000,67.25000,70.00000
BrockMackenzie,,,,,,,,,,,,,,,,,,,,,,,74.50000,,,74.50000,70.00000,,,,,,,,,,,,,,
BruceSmith,,,,,,,,,,,,,,,,,,,,,,,,,,,,,,77.00000,,,,,,,,,,,
BryantMacKellar,,,,,,,,,,,,,,,,76.50000,,,,,,,,,,,,,,,,,,,,,,,,,
BryceMolder,,,,72.66667,,,,,,,,78.50000,,,,,,,,71.25000,,,,,,,,,,,,,,,,,,,,,
BubbaWatson,,,,,,,,,,,,,,,,,,,,,,,73.50000,,,,,,,,,,,,,,,,,,
CameronBeckman,68.25000,70.00000,72.50000,,,71.50000,69.25000,73.50000,73.00000,,71.75000,74.00000,,71.25000,73.50000,,71.00000,69.75000,,70.75000,,69.25000,,70.75000,,,,69.50000,,,,69.25000,71.75000,,70.50000,70.00000,69.50000,69.00000,69.50000,67.50000,73.50000
CameronDoan,,,,,,,,,,,,,,,,,,73.00000,,,,,,,,,,,,,,,,,,,,,,,
CamiloVillegas,,,,,,,,,,,,,,,,,,,,,,,74.50000,,73.50000,70.25000,67.75000,71.00000,,,,,69.50000,75.50000,71.00000,72.50000,69.25000,,,,
CarlAlexander,,,,,,,,,,,,,,,,,,,,,,74.00000,,,,,,,,,,,,,,,,,,,
CarlPaulson,,,,,,,72.50000,,,,,,,,,,,,,72.50000,,,76.50000,73.00000,,68.25000,70.00000,73.00000,72.00000,,,71.00000,,,70.00000,,70.50000,,,,
CarlPettersson,73.00000,68.80000,70.25000,71.25000,74.50000,69.50000,,,70.50000,72.50000,75.00000,73.00000,,69.00000,,68.75000,73.00000,69.25000,71.25000,,,73.50000,,70.50000,69.75000,,,,71.00000,72.75000,,,,,,,67.75000,67.00000,70.75000,68.00000,68.75000
CarlosFranco,68.00000,69.75000,70.50000,,,70.25000,68.00000,72.25000,72.25000,,72.75000,,,,71.50000,72.50000,69.50000,68.50000,,,,71.50000,,,70.25000,70.00000,,66.75000,66.75000,71.75000,72.50000,,,,,71.50000,,,70.00000,69.50000,73.75000
CaryHungate,,,,,,,,,,,,,,,,,,,,,,,,,,,,,,76.50000,,,,,,,,,,,
CaseyBourque,,,,,,,,,,,,,,,,,,,,,,,78.50000,,,,,,,,,,,,,,,,,,
CaseyMartin,,,,72.00000,,,72.50000,,,,,,,,,,,,,,,,,,,,,,,,,,,,,,,,,,
CaseyWittenberg,,,,,,,,,,,,,72.00000,,,,,,,,,,74.00000,,76.00000,68.50000,,75.00000,75.50000,,,73.00000,72.00000,71.00000,,,,,,,
ChadCampbell,70.00000,69.00000,69.75000,,72.25000,70.00000,,,70.25000,67.50000,72.25000,,76.50000,70.75000,,,70.75000,69.75000,67.50000,,71.75000,71.00000,73.00000,,72.00000,,,,,71.50000,73.50000,,,71.25000,,,,,,69.75000,71.75000
CharlesCoody,,,,,,,,,,,,,83.50000,,,,,,,,,,,,,,,,,,,,,,,,,,,,
CharlesHowellIII,68.25000,71.00000,69.00000,71.50000,72.75000,72.00000,,,72.50000,71.00000,75.00000,,72.00000,,75.00000,67.75000,74.00000,,,69.25000,74.50000,,74.00000,66.75000,70.25000,,,,,71.75000,69.00000,,69.25000,74.50000,,70.50000,,70.00000,,70.00000,71.00000
CharlesWarren,,,,,,,,,,,,,,,,,76.00000,,,,,,,,,,,,,,,,,,,,,,,,
CharletonDechert,,,,,,,,,,,,,,,,,,,,,,,75.00000,,,,,,,,,,,,,,,,,,
CharleyHoffman,,,,,,,,,,,,,,,,,,,,,,,,70.50000,,,,,,,,,,,,,,,,,
CharlieBrown,,,,,,,,,,,,,,,,,,,,,,,,,,,,75.00000,,,,,,,,,,,,,
ChezReavie,,,,,,,,,,,,,,,,,,,,,,,76.00000,,,,,,,,,,,,,,,72.50000,,,
ChipSullivan,,,,,,,,,,,,,,,,,,,,,,,,,,,,,,71.75000,,,,,,,,,,,
ChrisBotsford,,,,,,,,,,,,,,,,,,,,,,,,,75.50000,,,,,,,,,,,,,,,,
ChrisCouch,71.00000,69.20000,,72.33333,78.00000,,73.00000,,,,,73.00000,,,75.50000,,,72.00000,,74.00000,,,,,,75.00000,,75.50000,75.50000,,,74.00000,76.00000,76.00000,70.50000,75.00000,67.75000,71.33333,71.50000,,
ChrisDiMarco,,70.75000,67.00000,,,70.25000,,69.00000,71.25000,,75.50000,71.50000,71.50000,,,72.50000,72.00000,68.50000,70.75000,,71.75000,69.25000,71.75000,,,69.25000,,,69.00000,70.00000,68.75000,,,71.00000,,69.00000,,,,68.25000,
ChrisHeinz,,,,,72.50000,,,,,,,,,,,,,,,,,,,,,,,,,,,,,,,,,,,,
ChrisNallen,,,,,,,72.00000,,,,,,,,,,,,,,,,,,,,,,,,,69.75000,73.50000,,,,,,,,
ChrisRiley,68.00000,67.20000,69.50000,,69.50000,,,74.00000,70.50000,,77.00000,,76.00000,,72.25000,69.75000,,72.00000,69.25000,,,71.00000,74.50000,70.00000,,,,,,70.25000,71.25000,,,,,,,70.66667,,,70.25000
ChrisSmith,71.50000,69.75000,72.50000,72.00000,73.25000,,69.25000,70.00000,72.25000,,76.00000,71.50000,,75.50000,,70.50000,73.00000,69.00000,,73.00000,,72.25000,74.00000,72.50000,72.00000,70.25000,68.25000,72.00000,71.50000,,,71.50000,72.00000,76.50000,,70.25000,69.00000,68.50000,68.25000,71.00000,73.00000
ChrisStroud,,,,,,,,,,,,,,,,,,,,,,,,,,,,,,,,,,,,,,,71.50000,,
ChrisWinkel,,,,,,,,,,,,,,,,,,,,,,,,,,76.50000,,,,,,,,,,,,,,,
CliffKresge,,72.25000,76.00000,,72.50000,71.50000,70.00000,70.50000,71.50000,,73.50000,73.00000,,70.25000,73.00000,71.50000,73.50000,71.00000,,74.00000,,71.50000,76.00000,71.25000,73.00000,,,72.50000,74.00000,,,72.00000,77.00000,70.50000,70.00000,72.75000,70.50000,72.33333,70.75000,72.00000,72.00000
ClintJensen,,,,,,,,,,,,,,,,,,,,,,,,,,,,,,,,,,73.50000,,,,,,,
ColinMontgomerie,,,,,,,,,,,72.25000,,75.50000,,,,,,,,,,,,,,,,,74.25000,72.50000,,,,,,,,,,
CoreyPavin,68.00000,69.40000,,70.25000,72.50000,69.00000,,,,,72.00000,75.00000,,73.00000,,,74.00000,,70.00000,,74.75000,71.50000,72.50000,70.25000,,,,68.50000,,,,68.00000,,71.25000,68.50000,,72.00000,68.75000,70.75000,,
CraigBarlow,67.25000,69.75000,,71.50000,70.25000,72.00000,,71.00000,72.75000,71.25000,79.50000,,,71.75000,,,,,,,,73.00000,,69.75000,72.50000,71.50000,,72.50000,68.75000,,,68.75000,,71.25000,,72.00000,68.50000,68.75000,,71.00000,72.50000
CraigBowden,67.75000,,,72.33333,72.50000,,70.50000,74.00000,70.50000,76.50000,,71.25000,,71.00000,73.00000,70.00000,75.50000,,75.00000,69.25000,,71.25000,73.50000,,72.75000,,70.00000,68.75000,71.50000,,,69.25000,73.00000,73.50000,,,71.00000,69.33333,75.50000,73.00000,
CraigDoell,,,,,,,,,,,,,,,,,,,,,,,,,,,,,,,,,,77.00000,,,,,,,
CraigParry,,,,,,,,67.75000,71.50000,73.00000,71.00000,,75.00000,,,,,,,75.00000,74.25000,69.75000,75.75000,,,,,,,73.00000,73.25000,,,,,,,,72.25000,71.00000,69.50000
CraigPerks,70.00000,,71.50000,,72.00000,72.50000,,70.00000,72.00000,77.00000,74.50000,,74.50000,,76.50000,71.50000,76.00000,70.00000,68.25000,,75.00000,72.50000,,,74.50000,,,,72.50000,,,70.50000,71.75000,71.25000,,,70.75000,69.00000,,69.00000,72.00000
CraigStadler,71.50000,,,71.50000,,,,,,,73.00000,,74.50000,,,,,,,,,,,,,,68.75000,,,,,,,,,,,,,,
CraigStevens,,,,,,,,,,,,77.00000,,,,,,,,,,,,,,,,,,,,,,,,,,,,,
CraigThomas,,,,,,,,,,,,,,,,,,,,,,76.00000,,,,,,,,74.00000,,,,,,,,,,,
CurtisStrange,,,,,,,,,,,,,,75.00000,,,,,,,,,,,,,,,,,,,,,,77.00000,,,75.00000,,
D.A.Points,,,,74.00000,,,,,,,,,,,,,,,,,,,,,,72.00000,,,,,,,,,,,,,,,
D.J.Brigman,68.75000,,,75.33333,74.50000,,70.50000,74.00000,72.00000,,,76.50000,,,71.25000,71.75000,73.50000,70.50000,72.00000,,,70.75000,,71.00000,70.75000,71.25000,,72.50000,71.50000,,,,71.50000,70.25000,68.50000,76.00000,,71.66667,71.25000,71.00000,
D.J.Trahan,,,,,,,,,,,,,,75.50000,,,,,,,,,,,,,,,,,,,,,,,,,,,
DaisukeMaruyama,,,,,,73.50000,,,,,,,,,,,,,,,,,,,,,,,,,,,,,,,,,,,
DanForsman,,69.50000,74.00000,73.66667,,,,,,,,74.00000,,74.50000,79.00000,69.00000,75.00000,73.50000,72.00000,,71.75000,70.50000,73.00000,,72.50000,,,69.25000,70.75000,,,75.50000,70.00000,74.00000,,72.75000,69.50000,69.33333,72.50000,68.25000,72.50000
DanHalldorson,,,,,,,,,,,,,,,,,,,,,,,,,,,74.00000,,,,,,,,,,,,,,
DanOlsen,71.50000,,,73.33333,73.00000,,68.25000,70.75000,72.50000,75.00000,,75.00000,,72.50000,74.00000,71.25000,73.50000,71.50000,,,,71.00000,73.50000,,75.00000,,73.00000,71.50000,71.00000,,,,72.50000,76.50000,69.00000,72.50000,71.00000,69.33333,71.00000,,
DanPohl,,,,,,,,,,,,,,,,,,,72.00000,,,,,,,71.50000,71.50000,,,,,,,,,,,,,,
DanielChopra,70.00000,70.00000,,71.25000,74.50000,72.00000,71.50000,74.00000,72.50000,,,74.25000,,,73.50000,69.50000,71.50000,70.00000,,73.00000,,70.75000,73.00000,70.75000,74.00000,69.50000,69.00000,69.75000,68.00000,,,69.25000,68.50000,75.00000,68.25000,73.50000,68.75000,69.50000,,69.50000,72.50000
DannyBriggs,69.50000,,,72.00000,,,69.00000,77.00000,74.00000,,,73.50000,,,72.50000,71.00000,73.00000,74.50000,,70.25000,,73.50000,,70.25000,73.50000,,70.75000,67.75000,69.75000,,,72.00000,72.00000,73.25000,70.50000,,68.00000,68.00000,71.50000,71.50000,
DannyEdwards,,,,,,,69.50000,,,,,,,,,,,,,,,,,,,,,,,,,,,,,,,,,,
DannyEllis,,67.80000,,,71.25000,73.50000,,68.75000,73.25000,72.25000,,,,,,71.50000,73.00000,71.00000,72.50000,75.00000,,71.50000,,69.50000,75.00000,,,72.50000,72.00000,,,72.50000,72.50000,,70.00000,72.50000,71.00000,67.25000,71.00000,69.75000,
DannyMulhearn,,,,,,,,,,,,,,,,,,,,,,,,,78.50000,,,,,,,,,,,,,,,,
DarrellKestner,,,,,,,,,,,,,,,,,,,,,,73.50000,,,,,,,,,,,,,,,,,,,
DarrenClarke,70.00000,,,,74.00000,75.00000,,,,70.00000,71.75000,,74.50000,70.00000,,,,,,,,71.50000,73.50000,,,,,,,71.00000,69.25000,,,,,,,,,,
DarrenFichardt,,,,,,,,,,,,,,,,,,,,,75.00000,,,,,,,,,,,,,,,,,,,,
DarrenWallace,,,,,,,,,,,,,,,,,,,,,,,,,,,,,,,,,,82.50000,,,,,,,
DaveEichelberger,78.50000,,,,,,,,,,,,,,,,,,,,,,,,,,,,,,,,,,,,,,,,
DaveRummells,,,,,,,,,,,,,,,,,,,,,,,,,,,72.00000,,,,,,,,,,,,,,
"DaveStockton,Jr.",,,,76.00000,,,,,,,,,,,,,,,,,,,,,,,,,,,,,,,,,,,,,
"DavidBerganio,Jr.",,,,,,71.50000,73.00000,,,,,,,,,,,,,,,,,,,,,,,,,,,,,,,,,,
DavidBranham,,,,,,,,,,,,,,,,,,,,,,,,,,,74.50000,,,,,,,,,,,,,,
DavidBranshaw,70.50000,69.50000,,73.00000,73.50000,,69.25000,73.50000,73.00000,,,73.50000,,,74.50000,71.50000,76.50000,68.50000,,75.00000,,71.00000,,70.25000,71.00000,,72.00000,72.50000,72.50000,,,71.00000,76.00000,70.50000,70.00000,76.50000,71.50000,69.00000,73.00000,71.50000,
DavidCarr,,,,,,,,,,,,,,,,,,,,,,,83.00000,,,,,,,,,,,,,,,,,,
DavidChurch,,,,,,,,,,,,,,,,74.00000,,,,,,,,,,,,,,,,,,,,,74.00000,,,,
DavidDuval,,,,,,,,,,,,,,,,,,,,,,,82.50000,,,,,,,79.00000,,,69.75000,72.50000,,72.50000,71.50000,68.50000,,75.00000,
DavidEdwards,,,,71.75000,,,,,,,,,,,,,,,,71.75000,,,,70.75000,,71.00000,69.25000,73.50000,70.50000,,,,,71.50000,69.50000,,72.00000,,,,
DavidFaught,,,,,,,,,,,,,,,,,,,,,,,75.50000,,,,,,,,,,,74.00000,,,,,,,
DavidFrost,,,,,,75.50000,70.25000,73.00000,74.00000,,77.00000,,,71.00000,73.00000,68.50000,73.50000,,75.00000,72.50000,,71.25000,,,71.50000,72.50000,74.50000,73.50000,,,,71.00000,73.00000,71.75000,,72.25000,69.75000,67.25000,70.25000,70.00000,70.50000
DavidGossett,,72.00000,72.75000,73.00000,,74.50000,,73.00000,73.00000,72.50000,78.00000,74.00000,,79.00000,74.00000,,76.00000,,,73.50000,,78.50000,,,77.00000,73.50000,75.50000,81.50000,,,,,84.00000,,72.50000,74.00000,74.50000,,75.50000,71.50000,78.50000
DavidHearn,,,,,,,,,,,,,,,,,,,,,,,,,,,,,,,,,,76.50000,,,,,,,
DavidHowell,,,,,,,,,,,,,,,,,,,,,,,,,,,,,,72.25000,,,,,,,,,,,
DavidHowser,,,,,,,,,,,,,,,,,,,,74.00000,,,,,,,,,,,,,,,,,,,,,
DavidIshii,69.75000,,,,,,,,,,,,,,,,,,,,,,,,,,,,,,,,,,,,,,,,
DavidLebeck,,,,76.00000,,,,,,,,,,,,,,,,,,,,,,,,,,,,,,,,,,,,,
DavidLundstrom,,,,,,,,,,,,,,,75.00000,,,,,,,,,,,,,,,,,,,,69.50000,,,,,,
DavidMathis,,,,,,,,,,,,,,,,,,,,,,,,,,,,,,,,,,78.00000,,,,,,,
DavidMorlandIV,70.00000,70.00000,,72.00000,74.00000,,74.00000,,,,,72.00000,,,75.00000,,73.00000,77.00000,,75.00000,,70.75000,75.00000,69.50000,74.50000,69.00000,71.50000,72.00000,72.00000,,,75.00000,,73.50000,71.00000,75.50000,69.25000,71.00000,73.50000,,
DavidNoll,,,,,,,,,,,,77.00000,,,,,,,,,,,,,,,,,,,,,,,,,,,,,
DavidOgrin,,,,,,,,,,,,,,,,,,,,,,,,,,,70.50000,,,,,,,,70.50000,,,,,,
DavidOh,,,,,80.00000,,,,,,,,,,,,,,,,,,,,,,,,,,,,,,,,,,,,
DavidPeoples,71.00000,70.50000,71.50000,,71.25000,72.00000,71.50000,71.00000,,,72.25000,71.00000,,73.00000,71.25000,,72.25000,71.00000,,70.25000,,,,,,,69.25000,71.00000,70.50000,,,69.00000,70.50000,71.25000,68.25000,71.00000,71.25000,,,,
DavidRoesch,,,,,,,,,,,,,,,,,,,,,,,73.75000,,,,,71.75000,,,,,,,,,,,,,
DavidSchnider,,,,,74.50000,,,,,,,,,,,,,,,,,,,,,,,,,,,,,,,,,,,,
DavidSutherland,,,,72.25000,,,71.50000,,,,,,,,,68.75000,,,,73.50000,,,,73.50000,,74.50000,71.50000,73.50000,73.00000,,,71.00000,72.50000,70.25000,70.25000,,70.50000,,,,
DavidTentis,,,,,,,,,,,,,,,,,,,,,,,,,,,,,,78.00000,,,,,,,,,,,
DavidToms,,,,,,71.00000,,68.50000,71.00000,,74.00000,77.50000,75.50000,,,69.50000,73.00000,72.50000,70.75000,67.00000,,72.50000,72.75000,,,,,,,71.25000,68.75000,,69.75000,,,70.50000,,,68.50000,,68.50000
DavisLoveIII,66.25000,,,72.33333,,,,,69.25000,71.50000,72.00000,,71.50000,70.75000,,,70.75000,,70.25000,,71.00000,70.25000,75.50000,,69.75000,,,,,74.00000,68.50000,,,71.75000,,,,,72.00000,,72.50000
DeanA.Wilson,,,,,,,,,,80.00000,,,,,,,,,,,,,,,,,,,,,,,,,,,,,,,
DeanProwse,,,,,,,,76.50000,73.50000,,,,,,,,,,,,,,,,,,,,,,,,,,,,,,,,
DeanWilson,70.00000,67.80000,72.00000,,73.25000,71.50000,69.75000,71.25000,72.75000,75.00000,75.00000,,,71.50000,75.00000,70.25000,71.75000,71.50000,75.50000,,,,,72.00000,73.00000,70.50000,72.00000,69.00000,73.50000,,,73.50000,70.75000,70.50000,66.25000,73.50000,71.00000,69.00000,72.00000,70.00000,70.25000
DeanePappas,,,,73.75000,,,70.25000,,,,,72.75000,,,74.50000,69.50000,,68.25000,,74.50000,,71.00000,,71.00000,73.50000,73.00000,,72.00000,74.50000,,,71.50000,70.00000,,68.75000,74.50000,69.25000,69.00000,70.75000,69.75000,
DelPonchock,,,,,,,,,,,,,,,,,,,,,,,,74.50000,,,,,,,,,,,,,,,,,
DennisColligan,,,,,,,,,,,,,,,,,,,,,,,,,,,74.50000,,,,,,,,,,,,,,
DennisPaulson,,,,73.00000,71.00000,,69.00000,69.75000,,70.25000,,73.25000,,70.50000,73.00000,69.50000,,,70.00000,69.50000,,70.00000,74.00000,73.50000,,,,72.00000,71.50000,,,72.00000,69.75000,73.00000,,,,,,,
DerekGillespie,,,,,,,,,,,,,,,,,,,,,,,,,,,,,,,,,,76.00000,,,,,,,
DerekLamely,,,,,,,,,,,,,,,,,,,,,,,,,75.50000,,,,,,,,,,,,,,,,
DerekSanders,,,,,,,,,,,,,,,,81.50000,,,,,,,,,,,,,,,,,,,,,,,,,
DickyPride,,,,76.00000,,,70.50000,76.00000,,74.50000,,,,,74.50000,72.00000,75.00000,,,75.00000,,,,72.50000,,71.50000,71.50000,77.00000,75.50000,,,71.50000,73.50000,73.50000,70.00000,72.00000,70.25000,67.00000,71.00000,,
DirkAyers,,,,,,,,,,,,,,,,,,,,,,,,,,,,,,,,,,73.75000,,,,,,,
DonPooley,,,,,,,70.50000,,,,,,,,,,,,,,,,,,,,,,,,,,,,,,,,,,
DonYrene,,,73.50000,,,,70.75000,,,,,,,,,,,,,,,,,,,,,,,,,,,,,,,,,,
DonnieHammond,,69.00000,,72.00000,,,71.00000,,,,,,,,,,71.50000,,,73.50000,,,,72.00000,,70.00000,73.00000,73.00000,,,,,,,74.50000,,71.50000,68.75000,,,
DougBarron,,,,,,,,,,,,,,,,,,,,70.50000,,,,,,,,,,,,,,,,,,,,,
DudleyHart,,70.00000,71.50000,,74.50000,,,74.00000,,,,,,71.25000,70.50000,71.00000,,67.50000,70.50000,,,70.50000,74.75000,,72.50000,,,,71.50000,,,,72.00000,71.50000,,72.00000,,68.25000,71.00000,70.50000,
DuffyWaldorf,68.75000,67.60000,67.75000,,69.75000,,,,,73.00000,73.50000,71.50000,,,,,73.50000,67.75000,73.50000,,78.00000,,73.00000,68.75000,,,,,,72.50000,,,,,67.00000,69.25000,,67.50000,72.00000,73.50000,71.00000
EdFiori,,73.75000,,,,,,,,,,,,,,,,,,,,,,,,,,,,,,,,,,,,,,,
EdFryatt,,,,,,,,,,,,,,,,,,,,,,,,,,,,,,,,,,,,,,70.33333,,,
EduardoRomero,,,,,,71.50000,,,,,,,74.50000,,,,,,,,,,73.00000,,,,,,,73.00000,,,,,,,,,,,
EdwardLoar,,,,,,,,,,,,,,,73.00000,,,,,,,,,,,,,,,,,,,,,,,,,,
EliZackheim,,,,,,,,,,,,,,,,,,,,,,,,,,,,,,,,72.50000,,,,,,,,,
EricAxley,,,,,,,,,,,,,,,,,,,,,,,74.50000,,,,,,,,,,,,,,,,,,
ErikCompton,,,,,,,,71.25000,,,,,,,,,,,,,,,,,,,,,,,,,,74.50000,,,,,,,
ErnieEls,,,,,,,,,,72.50000,71.75000,,70.00000,69.00000,,,,68.00000,,,67.50000,69.75000,71.75000,,,,,,,70.25000,73.25000,,,,,,,,,,
EstebanToledo,70.50000,69.50000,71.50000,73.66667,73.00000,72.50000,,75.00000,81.50000,,74.00000,74.50000,,73.50000,75.00000,71.00000,73.00000,71.00000,74.50000,72.50000,,71.75000,,70.00000,76.00000,70.50000,68.75000,72.00000,71.50000,,,70.50000,74.50000,72.00000,71.50000,72.00000,70.50000,69.33333,72.50000,71.00000,73.00000
FrankBensel,,,,,,,,,,,,,,,,,,,,,,,,,,,,,,76.00000,,,,,,,,,,,
FrankGraziosa,,,,,,,,,,,,,,,,,,,,,,,,,,,,,,,,77.00000,,,,,,,,,
FrankLickliter,66.50000,,72.50000,72.00000,,71.00000,69.25000,,,71.50000,70.00000,,,71.50000,72.75000,,72.50000,70.50000,70.75000,,74.75000,,,68.50000,75.00000,,,68.50000,,,,68.75000,70.50000,,69.50000,69.50000,,70.25000,72.00000,,74.50000
FrankVana,,,,,,,,,,,,,,,,,,,,,,,,,,,,,,,,,76.00000,,,,,,,,
FranklinLangham,,,,,,,,,,,,72.50000,,,,,,,,,,,,,,,,,,,,,,,,,,,,,
FredCouples,,,71.50000,71.25000,,71.00000,,,71.00000,71.00000,76.00000,,71.50000,,72.75000,,,,,,68.50000,68.50000,76.00000,,,,,,,,70.75000,74.50000,,,,,,,,,
FredFunk,68.75000,71.00000,72.50000,,,69.75000,,69.50000,75.00000,,70.75000,,75.00000,69.25000,,,73.00000,71.50000,69.50000,70.25000,75.00000,71.00000,71.25000,73.00000,,,69.50000,67.25000,,73.00000,73.00000,67.75000,,72.25000,,,66.50000,,70.50000,69.25000,70.75000
FredrikJacobson,,68.80000,68.25000,,72.75000,70.00000,,,69.75000,71.00000,75.50000,,72.25000,70.25000,,,,,,69.00000,,69.00000,76.00000,,,,,,,71.25000,70.75000,,,73.00000,68.00000,71.75000,,,71.25000,69.25000,73.00000
FultonAllem,,,,,,73.50000,78.50000,74.50000,73.50000,,,,,73.50000,,72.00000,78.50000,75.00000,72.00000,,,80.00000,,,,,,,73.50000,,,,,,,,,,,72.50000,
FuzzyZoeller,,,,,,,,,,,,,80.00000,,,,,,,,,,,,,,,,,,,,,,,,,,,,
GabrielHjertstedt,,,,,,,,,,,,,,,,,,,,,,,76.00000,,,,69.25000,,,,,,,76.50000,69.00000,,,,,,
GarrettWillis,,,,77.66667,,,68.25000,,,,,,,,73.50000,70.50000,,,,74.50000,,,,70.75000,,70.50000,70.00000,71.50000,72.50000,,,69.00000,72.50000,73.00000,,,70.00000,71.66667,,,
GaryHallberg,,,,,,,,,,,,,,,,,,,,,,,,,,,74.50000,,,,,,,,,,,,,,
GaryPlayer,,,,,,,,,,,,,81.00000,,,,,,,,,,,,,,,,,,,,,,,,,,,,
GaryWolstenholme,,,,,,,,,,,,,76.50000,,,,,,,,,,,,,,,,,,,,,,,,,,,,
GeneSauers,70.00000,69.50000,74.00000,,74.50000,73.00000,,68.50000,73.75000,72.00000,74.00000,,,75.50000,,70.50000,71.25000,72.00000,,71.00000,,,,72.50000,72.50000,70.50000,,71.50000,74.00000,,,72.50000,74.00000,,69.50000,72.00000,72.00000,72.00000,73.00000,72.00000,76.50000
GeoffOgilvy,,67.60000,73.00000,,73.50000,73.50000,68.75000,,70.50000,74.00000,71.25000,,,70.00000,71.00000,69.25000,70.25000,,71.75000,73.00000,71.75000,,,71.75000,69.50000,71.00000,,,69.25000,71.50000,,,71.50000,,,,,68.50000,71.50000,68.00000,69.75000
GeoffreyDean,,73.50000,,,75.50000,72.00000,,,,,,,,,,,,,,,,,,,,,,,,,,,,,,,,,,,
GeoffreySisk,,,,,,,,,,,,,,,,,,,,,,,74.25000,,,,,,,,,,74.50000,,,,,,,,
GeorgeBradford,,,,,,,,,,,,,,,,,,,,,,,,76.50000,,,,,,,,,,,,,,,,,
GeorgeBryan,,,,,,,,,,,,,,76.00000,,,,,,,,,,,,,,,,,,,,,,,,,,,
GeorgeBurns,,,,77.66667,,,,,,,,,,,,,,,,,,,,,,,,,,,,,,,,,,,,,
GlenDay,,70.75000,69.50000,72.00000,,,70.50000,73.50000,73.00000,,71.50000,75.00000,,71.50000,,72.00000,74.50000,70.50000,70.00000,72.00000,,70.75000,,70.25000,72.75000,68.75000,,72.00000,69.50000,,,71.50000,72.00000,70.75000,69.50000,71.25000,67.00000,69.00000,73.50000,71.00000,71.50000
GlenHnatiuk,,69.80000,69.25000,,,73.00000,,74.50000,72.25000,,78.00000,71.50000,,73.50000,,,,,,,,,,,,,,,,,,,,,,,,,,,
GraemeMcDowell,,,,,,,,,,,,,,,,,,,,,,,,,,,,,,76.00000,,,,,,,,,,,
GrantWaite,70.00000,69.20000,,73.33333,71.75000,,72.50000,,76.00000,,,71.00000,,74.50000,73.50000,,73.25000,75.00000,,74.50000,,73.00000,,,73.50000,72.50000,71.25000,71.00000,73.00000,,,71.00000,72.50000,73.50000,71.50000,71.25000,71.00000,70.00000,74.50000,,
GregChalmers,,,,71.75000,,,71.25000,,75.00000,,,,,,73.00000,70.25000,,70.50000,,72.50000,,,,73.50000,73.00000,67.50000,69.00000,70.00000,70.75000,,,74.50000,73.50000,71.75000,70.00000,72.50000,67.75000,67.75000,,,74.00000
GregKraft,,,,,,,,,,,,,,,,,,,,72.50000,,,,,,,72.00000,,71.50000,,,,,,,,,,,,
GregMeyer,71.00000,,,,,,,,,,,,,,,,,,,,,,,,,,,,,,,,,,,,,,,,
GregNorman,,,,,,,,,,,75.25000,75.50000,,74.00000,,,,,,,,,,,75.00000,,,,,,,,,,,,,,,,
GusCable,,,74.00000,,,,,,,,,,,,,,,,,,,,,,,,,,,,,,,,,,,,,,
GuyBoros,74.00000,,,76.66667,75.50000,,70.50000,,,,,73.00000,,,75.50000,70.50000,,,,73.50000,,,,69.25000,73.00000,70.50000,73.50000,,72.50000,,,71.50000,73.75000,77.00000,69.50000,72.00000,71.50000,71.33333,72.00000,,
HalSutton,,71.00000,75.50000,,72.50000,70.25000,,74.00000,73.50000,,75.50000,74.00000,,,72.25000,69.25000,,73.00000,70.50000,,,,,,,,,,,73.50000,,71.00000,,,,,,,,,73.00000
HaleIrwin,,,,,,,,,,,,,,,,,,,,,,,,,,,,,,73.00000,,,,,,,,,,,
HankKuehne,,,73.00000,74.66667,70.50000,68.00000,,71.25000,73.50000,73.00000,77.00000,,,,72.25000,72.00000,75.00000,69.25000,74.50000,70.00000,74.50000,,,71.50000,72.50000,69.00000,68.25000,,69.25000,,,68.50000,68.75000,76.50000,70.75000,,73.00000,,70.00000,69.50000,77.00000
HarrisonFrazar,65.50000,67.20000,74.50000,73.33333,,,67.50000,73.50000,,72.50000,78.00000,72.25000,,,,70.00000,73.50000,69.00000,72.50000,,71.50000,,,68.75000,,69.50000,,70.25000,,74.50000,,,72.75000,,,,69.25000,66.75000,,69.75000,70.25000
HeathSlocum,70.75000,70.50000,68.50000,,71.50000,73.50000,66.50000,69.50000,,,72.75000,73.50000,,70.75000,73.00000,72.00000,70.25000,,72.00000,74.00000,75.50000,,,71.25000,73.00000,74.00000,,71.00000,72.50000,73.00000,,69.25000,72.50000,,66.75000,72.50000,68.25000,,71.00000,71.50000,73.50000
HeathWassem,,,,,,,,,,,,,,,,,,,,,,78.00000,,,,,,,,,,,,,,,,,,,
HidemichiTanaka,70.00000,,,,72.25000,69.50000,69.00000,,72.00000,74.00000,75.25000,74.00000,,,73.50000,67.25000,75.00000,72.00000,,,72.00000,,74.00000,69.75000,,69.75000,67.50000,71.00000,,73.00000,,68.50000,71.25000,,,73.50000,70.50000,,,70.50000,70.00000
HidetoTanihara,69.25000,,,,,,,,,,,,,,,,,,,,,,,,,,,69.50000,72.75000,,,,,,,,,,,,
HirofumiMiyase,72.50000,,,76.66667,73.50000,73.50000,70.50000,,,,,74.50000,,,75.50000,70.00000,,,,69.25000,75.75000,76.50000,,72.50000,74.50000,71.00000,,73.50000,73.00000,,,70.75000,73.00000,73.50000,69.50000,,70.50000,71.00000,75.00000,74.50000,
HiroyukiFujita,,,,,,,,,,,,,,,,,,,,,,,,,,72.50000,70.00000,,,,,,,,,,,,,,
HunterMahan,71.50000,,,74.33333,73.50000,,68.75000,71.25000,74.00000,72.75000,,75.50000,,,74.50000,72.50000,75.50000,71.00000,71.75000,70.25000,73.25000,,,71.75000,72.50000,70.50000,,72.50000,69.75000,,,68.75000,70.50000,69.50000,66.50000,,,72.66667,71.50000,70.25000,74.50000
IanLeggatt,,70.20000,72.50000,75.00000,,75.00000,,,,,,,,,,,,,,,,,,,,,,,,,,,,,,,,,,,
IanPoulter,,,,,,,,,,75.00000,72.00000,,73.75000,71.75000,,,,,,,,,73.00000,,,,,,,72.00000,,,,,,,,,,71.00000,
IanWoosnam,,,,,,,,,,,,,75.50000,,,,,,,,,,,,,,,,,76.50000,,,,,,,,,,,
J.B.Sneve,,,,,78.00000,,,,,,,,,,,,,,,,,,,,,,,,,,,,,,,,,,,,
J.J.Henry,,69.40000,71.50000,71.75000,72.00000,68.50000,,72.25000,72.75000,73.00000,74.50000,73.50000,,,73.25000,,70.75000,69.50000,72.00000,71.25000,,69.75000,76.50000,69.25000,70.50000,71.25000,,69.50000,,,,70.00000,71.25000,,66.50000,73.00000,67.00000,,71.50000,69.75000,73.00000
J.L.Lewis,,67.20000,73.00000,73.33333,,,69.50000,71.75000,,71.00000,73.50000,,74.50000,71.50000,,69.25000,72.50000,69.75000,69.75000,,70.75000,72.50000,74.00000,,73.50000,69.00000,,71.00000,71.75000,71.50000,72.25000,69.25000,,73.00000,66.75000,76.00000,,68.00000,72.50000,68.50000,73.75000
J.P.Hayes,72.50000,70.50000,70.25000,72.25000,,,,73.00000,78.50000,,71.50000,,,,,70.50000,72.50000,73.00000,,70.50000,,71.50000,73.00000,,73.25000,70.00000,74.50000,72.50000,69.25000,,,,,,70.00000,71.25000,70.75000,69.66667,71.50000,70.50000,71.50000
JCAnderson,,,,,,,,,,,,,,,,,,72.00000,,,,,,,,,,,,,,,,,,,,,,,
JJWall,,,,,,,,,,,,,,,,,,,,,,,,,,,,,,,,,,,70.50000,,,,,,
JackNicklaus,,,,,,,,,,,,,75.00000,,,,,,,,73.75000,,,,,,,,,,,,,,,,,,,,
JamesH.McLean,,,,,,,,,,,,,,,,69.00000,,,,,,,,,,,,,,,,,,,,,,,,,
JamesLepp,,,,,,,,,,,,,,,,,,,,,,,,,,,,,,,,,,79.50000,,,,,,,
JamieElliott,,,,,,,,,,,,,,,,,,73.00000,,,,,,,,,,,,,,,,,,,,,,,
JamieNeher,,,,,,,,,,,,,,,,,,,,,,,,,,,,,,,,,73.50000,,,,,,,,
JamieRogers,,,,,,,,,,,,,,,,,,,,,,,,,,75.00000,,,,,,,,,,,,,,,
JasonBohn,70.00000,,,72.00000,72.75000,,70.75000,75.00000,73.00000,,,74.50000,,,71.50000,71.00000,71.25000,69.75000,,72.50000,,72.25000,,74.00000,71.25000,68.25000,68.75000,71.50000,72.00000,,,68.00000,71.75000,71.75000,,71.25000,69.25000,68.00000,70.50000,70.50000,
JasonCaron,,,,,,,,,,,,,,,,,,,,,,,,,,,,,,,,,73.00000,,,,,,,,
JasonDufner,69.00000,,,77.66667,72.75000,,71.00000,,73.50000,,,73.50000,,,73.50000,71.00000,72.50000,70.50000,,72.00000,,71.50000,,72.00000,72.00000,69.75000,69.00000,68.25000,70.50000,,,69.50000,71.25000,73.00000,72.00000,73.00000,70.50000,69.33333,69.25000,71.00000,
JasonGore,,,,72.33333,,,,,,,,,,,,,,,,,,,,,,,,,,,,,,,,,,,,,
JasonHartwick,,,,,,,,,,,,,,,,,,70.50000,,,,,,,,,,,,,,,,,68.00000,,,,,,
JasonLaing,,,,,,,,,,,,,,,77.50000,,,,,,,,,,,,,,,,,,,,,,,,,,
JayDelsing,,69.75000,,71.75000,73.00000,,71.50000,,73.75000,,,77.50000,,,73.50000,70.50000,72.50000,70.25000,,71.25000,,72.00000,,71.00000,72.50000,72.50000,,70.00000,72.00000,,,73.50000,,74.50000,68.00000,72.50000,69.75000,69.66667,70.00000,,
JayDonBlake,,,,71.75000,73.00000,,72.00000,,,,,,,,,,,,,75.50000,,,,75.25000,,70.50000,72.00000,73.00000,,,,,,73.50000,70.50000,74.00000,70.00000,72.00000,,,
JayHaas,,66.20000,69.50000,,70.00000,70.00000,,70.50000,,,70.25000,,72.25000,69.50000,72.50000,,71.00000,,,,70.50000,71.50000,71.75000,,,68.00000,,,,72.00000,71.00000,,,,,,,,71.00000,,69.25000
JayOverton,,,,,,,,,,,,,,,,,,,,,,,,,,,,,,,,,,,,,,,,,74.00000
JayWilliamson,,69.50000,71.50000,,72.25000,68.50000,,73.50000,73.50000,77.00000,77.50000,75.00000,,70.25000,,,,70.00000,74.50000,74.00000,,75.00000,,71.50000,72.00000,71.00000,68.50000,69.00000,70.50000,,,69.25000,69.00000,,67.75000,,69.25000,67.75000,,71.25000,75.00000
Jean-FrancoisRemesy,,,,,,,,,,,,,,,,,,,,,,,,,,,,,,71.25000,,,,,,,,,,,
JeffBrehaut,70.25000,70.50000,71.25000,73.66667,73.50000,71.75000,71.00000,,72.50000,,76.50000,71.50000,,71.25000,72.50000,72.25000,73.50000,73.00000,,72.50000,,73.00000,,70.50000,74.50000,68.00000,,72.00000,70.50000,,,73.50000,71.00000,74.00000,71.00000,70.50000,70.75000,72.33333,69.25000,70.50000,70.25000
JeffCoston,,,,,,,,,,,,,,,,,,,,,,,,,,,,,,75.25000,,,,,,,,,,,
JeffGove,,,,,,,,,,,,,,,,,,,,,,,76.00000,,,,,,,,,,,,,,,,,,
JeffMaggert,70.00000,,72.50000,68.75000,,68.75000,,,,73.00000,72.00000,,75.00000,71.25000,73.50000,,69.75000,71.00000,68.75000,,72.75000,73.00000,70.25000,,,,,,73.00000,,,,,,71.75000,,,,,70.00000,
JeffRoth,,,,,,,,,,,,,,,,,,,,,,,,,,,,,72.00000,78.00000,,,,,,,,,,,
JeffSluman,72.00000,67.40000,69.25000,,,,,70.50000,73.00000,71.25000,71.75000,,75.50000,72.50000,,72.00000,71.75000,70.50000,72.00000,,72.00000,,,68.75000,71.75000,67.75000,,69.00000,67.75000,73.25000,,68.25000,71.25000,,,,,69.50000,70.50000,72.00000,69.75000
JefferyW.Martin,,,,,,,,,,,,,,,,,,,,,,,,,,,,,,,,,79.00000,,,,,,,,
JeffreyLankford,,,,,,,,,,,,,,75.50000,,,76.00000,,,,,,,,,,,,,80.00000,,,,,,,,,76.00000,,
JerryHaas,,,,,,,,,,,,,,,,,74.00000,,,,,,,,,,,,,,,,,,,,,,,,
JerryKelly,66.75000,68.00000,,71.50000,,72.25000,,70.75000,,69.50000,70.25000,,73.75000,,,69.50000,73.00000,68.25000,,,71.00000,70.50000,74.25000,,71.25000,,,68.50000,68.00000,76.50000,69.75000,68.50000,,,66.50000,70.75000,,,69.25000,68.25000,73.00000
JerrySmith,,,,,,,,,,,,,,,,,,,,,,,,,,,,72.50000,,,,,,,,,,,,,
JesperParnevik,67.75000,66.80000,70.50000,70.00000,69.75000,73.75000,,70.00000,71.25000,,72.00000,,,72.50000,,,72.50000,69.25000,69.25000,,72.50000,71.00000,,,,,,,,73.50000,70.25000,,70.75000,70.00000,67.75000,,,69.33333,70.50000,70.50000,67.75000
JimBenepe,,,,,,,,,,,,,,,,,,,,,,,,,,,71.25000,,,,,,,,69.00000,,,,,,
JimCarter,,,70.00000,73.00000,,,71.00000,,,,,75.00000,,,,70.50000,,70.50000,,72.50000,,72.00000,,73.50000,,72.00000,69.00000,70.50000,69.25000,,,72.50000,,73.25000,69.50000,,72.00000,,,,
JimFuryk,70.00000,,,,,,,,,,,,,,,,,,,,,,74.50000,,69.75000,,,,67.75000,76.50000,70.25000,,71.00000,,,,,67.50000,72.50000,71.00000,71.50000
"JimGallagher,Jr.",,,,,,,,,,,,,,,,,,,,72.00000,,,,,,71.00000,68.00000,70.50000,,,,,,73.50000,75.00000,,74.00000,,73.00000,,
JimMcGovern,,,,73.33333,,,,,,,,,,,75.00000,,,,,71.00000,,,,74.50000,,68.50000,72.50000,,,,,,,72.75000,70.00000,,72.00000,,,,
JimRutledge,,,,,,,,,,,,,,,,,,,,,,,,,,,,,,,,,,72.25000,,,,,,,
"JimSchouller,Jr.",,,,,,,,,,,,,,,,,,,,,,,,76.50000,,,,,,,,,,,,,,,,,
JimSchuman,,,,,,,,,,,,,,,,,,,,,,,,,,,,74.50000,,,,,,,,,,,,,
JimmyGreen,,,,,,,,,,,,,,,,,,,,,,,76.00000,,,,,,,,,,,,,,,,,,
JimmyWalker,,,,,,,,,,,,,,,73.00000,,,,,,,,,,,,,,,,,,,,,,,,,,
JinPark,,,,76.00000,,,,,,,,,,,,,,71.50000,,,,,,,,,,,,,,,,,,,,,,,
JoakimHaeggman,,,,,,,,,,,,,,,,,,,,,,,75.50000,,,,,,,76.50000,,,,,,,,,,,
JoeAffrunti,,,,,,,,,,,,,,,,,,,,,,,,,73.00000,72.00000,,72.50000,,,,,,,,,,,,,
JoeDurant,68.00000,67.80000,72.50000,,76.00000,69.50000,,68.25000,72.50000,71.75000,72.75000,,,72.50000,,68.25000,73.00000,,70.25000,73.50000,,,,69.50000,74.00000,68.75000,,71.25000,71.50000,73.00000,,69.25000,,,,,69.00000,69.66667,,69.00000,68.00000
JoeOgilvie,70.00000,68.00000,,72.25000,74.50000,70.25000,70.50000,71.50000,73.75000,,,72.50000,,72.50000,71.50000,66.75000,71.00000,,69.25000,70.00000,75.50000,69.75000,74.25000,,73.00000,71.50000,,,71.50000,72.50000,,71.00000,,69.25000,67.00000,,,69.33333,69.25000,74.50000,
JoelEdwards,,,,,,,,,,,,,,,,,,,,70.50000,,72.75000,,71.00000,73.50000,69.25000,71.50000,71.00000,,,,,,76.00000,68.00000,,72.00000,,,,
JoelKribel,,,,72.00000,,,72.50000,,,,,73.50000,,,73.25000,70.25000,,,,69.50000,,,,71.00000,75.50000,67.50000,,73.50000,,,,75.50000,,,,,,,,,
JoeyMaxon,,,,,,,,,,,,,,,,,,,,,,,80.00000,,,,,,,,,,,,,,,,,,
JoeySindelar,,71.25000,70.00000,,71.25000,,,70.75000,73.00000,73.00000,73.50000,73.50000,,73.50000,73.00000,69.50000,69.25000,,70.50000,,74.50000,70.50000,74.00000,73.50000,72.50000,,68.50000,70.00000,,74.00000,70.75000,69.25000,72.00000,71.25000,,71.25000,69.75000,,71.00000,67.50000,73.00000
JohnAber,,,,,,,,,,,,,,,,,,,,,,,,,,,,,,,,,,,,82.00000,,,,,
JohnAdams,,,,,,,,,,,,,,,,,,,,,,,,,,,72.50000,,,,,,,,,,,,,,
JohnBermel,,,,,,,,,,,,,,,,,,,,,,,,,,74.00000,,,,,,,,,,,,,,,
JohnBungert,,,,,,,,,80.00000,,,,,,,,,,,,,,,,,,,,,,,,,,,,,,,,
JohnConnelly,,,,,,,,,,,,,,,,,,,,,,,76.00000,,,,,,,,,,,,,,,,,,
JohnCook,70.50000,70.00000,,,,,,73.00000,74.50000,,,,,74.50000,,,71.50000,70.50000,,,71.25000,,,70.25000,,,69.00000,70.00000,71.00000,,,,74.50000,,,75.50000,70.50000,,,70.00000,
JohnDaly,,68.00000,70.75000,,69.50000,67.75000,72.50000,,,70.25000,74.50000,,74.50000,,70.75000,,,69.00000,,70.75000,70.75000,,,73.25000,,,,,66.50000,78.50000,71.25000,,71.25000,,,70.00000,,,71.00000,70.50000,
JohnDouma,,,,,,,70.50000,,,,,,,,,,,,,,,,74.00000,,,,,,,,,,,,,,,,,,
JohnE.Morgan,,,,72.66667,,,76.50000,,,,,,,,,71.25000,,,,73.50000,,,,75.00000,,67.00000,68.25000,71.00000,71.00000,,,,,74.00000,69.50000,73.00000,73.50000,,,,
JohnElliott,,,,,,,,,,,,,,,,,,,,,,,74.50000,,,,,,,,,,,,,,,,,,
JohnEllis,,,,75.00000,,,,,,,,,,,,,,,,,,,,,,,,,,,,,,,,,,,,,
JohnHuston,67.50000,69.20000,72.00000,,,,,73.00000,,,71.75000,72.50000,,70.50000,70.00000,,,74.50000,72.50000,,,,,,,,,,73.00000,75.00000,,,,,,,71.50000,70.00000,,68.00000,70.75000
JohnMaginnes,69.00000,,,76.33333,75.00000,,70.00000,,,,,76.50000,,78.00000,74.50000,71.00000,73.50000,73.00000,,73.50000,,75.00000,,,,,,,,,,,,,,,,,,,
JohnMorse,72.50000,,,77.00000,,,,,,,,,,,,,,,,,,,,,,,70.50000,,,,,,,,,,,,,,
JohnRiegger,67.00000,68.00000,71.25000,,73.50000,72.50000,,69.50000,72.25000,71.00000,74.00000,,,72.50000,72.00000,71.75000,71.50000,,,72.50000,,73.50000,,,,,,,,,,,,,,,,,,,
JohnRollins,,,71.50000,76.33333,73.00000,75.00000,,,73.00000,,73.50000,75.50000,74.50000,71.25000,,,73.00000,70.50000,72.50000,,72.25000,71.25000,74.50000,,70.25000,67.75000,68.75000,,,,,72.50000,68.50000,73.75000,,70.25000,,70.00000,70.50000,69.50000,
JohnSenden,70.00000,68.40000,70.75000,72.00000,,76.50000,,71.50000,71.25000,,72.75000,,,,75.00000,69.00000,71.25000,69.50000,68.75000,69.75000,,70.75000,73.00000,,73.50000,69.50000,68.00000,,70.50000,,,69.25000,71.75000,,67.50000,72.50000,68.00000,70.33333,,,
JohnShawver,,,,,,,,,,,,,,,,,,,,,,,,,,77.50000,,,,,,,,,,,,,,,
JohnsonWagner,,,,,,,,,,,,,,,,,,,,,,,77.00000,,,,,,,,,,,,,,,,,,
JonMills,,,,,,,,,,,,,,,,,,,,,,,,,,,,,,,,,,74.00000,,,,,,,
JonTurcott,,,,,,,,,,,,,,,,,,,,,,,,,,,,76.50000,,,,,,,,,,,,,
JonathanByrd,68.50000,,72.00000,75.66667,,,,,,,74.00000,,76.50000,70.25000,,69.25000,74.00000,69.00000,73.00000,,78.00000,72.00000,76.00000,,71.00000,70.75000,67.00000,70.50000,,73.00000,,69.50000,70.75000,72.00000,,69.00000,67.50000,,72.00000,70.50000,70.75000
JonathanKaye,69.50000,66.40000,66.50000,,71.25000,72.50000,,,,,73.50000,73.25000,75.50000,70.00000,,,70.50000,,72.50000,,75.00000,73.00000,73.00000,71.50000,,,,,,77.50000,73.25000,,,,,70.25000,,69.00000,,,
JonathanOta,74.00000,,,,,,,,,,,,,,,,,,,,,,,,,,,,,,,,,,,,,,,,
JoseCoceres,,,,,,,,70.75000,73.00000,,,,,70.00000,70.75000,70.50000,77.00000,,,72.00000,,71.50000,,,71.25000,67.25000,,,70.50000,,,68.75000,73.00000,70.75000,70.75000,,,67.75000,72.75000,71.50000,71.50000
JoseMariaOlazabal,,,,73.00000,72.50000,69.75000,74.00000,,,71.75000,75.00000,72.75000,73.50000,,,,,,,,,,,,,,,,68.75000,73.00000,,,,,69.50000,69.50000,,,,69.25000,70.00000
JustinHicks,,,,,,,,,,,,,,,,,,,,,,,73.00000,,,,,,,,,,,,,,,,,,
JustinLeonard,,68.00000,68.25000,,,,,70.75000,71.00000,,72.25000,,74.00000,71.00000,72.00000,,73.00000,69.25000,69.25000,,75.00000,,73.00000,72.00000,,,,,,70.00000,72.00000,,,73.25000,66.75000,,,68.00000,,,70.50000
JustinRose,,,,,,71.00000,,,71.50000,71.25000,72.75000,,72.50000,69.50000,74.00000,67.75000,,,,,69.25000,,77.50000,,,,,,69.50000,73.50000,,71.00000,70.75000,69.50000,67.25000,71.00000,,,71.00000,68.50000,70.25000
JyotiRandhawa,,,,,,,,,,,,,,,,,,,,,,,,,,,,,,,,71.50000,,,,,,,,,
K.J.Choi,,,71.50000,69.75000,71.00000,71.25000,,68.50000,,74.00000,72.25000,,70.50000,,71.25000,68.00000,71.50000,,,,69.50000,,73.75000,,71.50000,,,71.00000,72.00000,70.50000,72.50000,,,,,69.25000,,,,,72.00000
KeiichiroFukabori,,,,,73.75000,,70.50000,,,,,,,,,,,,,74.00000,73.00000,,,,,,,,,,,,,,,,,,,,
KeithClearwater,,,,74.66667,,,,,,,,,,,,,,,74.00000,,,76.50000,,,,71.00000,72.00000,,,,,,,,,,,,,,
KeithFergus,,69.75000,,,,,,,,,,,,,,,,,,,,,,,,,,,,,,,,,,,,,,,
KellyGibson,,,,75.66667,,,,,,,,,,,,70.00000,,,,72.50000,,,,71.75000,,71.00000,70.25000,,,,,,,74.50000,70.00000,,71.50000,,,,
KellyMitchum,,,,,,,,,,,,,,,,,72.25000,,,,,,,71.25000,,,,,,,,,,,,,,,,,
KenDuke,69.75000,,,72.25000,72.50000,,71.50000,74.00000,72.25000,,,74.50000,,,74.50000,68.50000,74.00000,71.75000,,71.00000,,71.50000,,73.50000,74.00000,72.50000,70.50000,72.00000,72.00000,,,69.75000,75.00000,75.50000,72.50000,72.00000,71.50000,75.00000,71.25000,72.75000,
KenGreen,,,,76.33333,,,,,,,,,,,73.00000,70.25000,,,,72.50000,,,,,74.00000,,71.25000,71.50000,73.00000,,,,71.25000,,,,,73.00000,,,
KenKelley,,,,,,,,,,,,,,,77.50000,,,,,,,,,,,,,,,,,,,,,,,,,,
KenichiKuboya,69.50000,,,,,,,,,,,,,,,,,,,,,,,,,,,,,,,,,,,,,,,,
KennyKnox,,,,,,,,,,,,,,,,,,,,,,,,,,,73.50000,,,,,,,,,,,,,,
KennyPerry,70.00000,66.80000,,,,,,70.25000,75.50000,71.00000,70.00000,,75.50000,,,,,70.25000,69.00000,,69.75000,69.25000,75.50000,,,,,67.75000,69.00000,74.50000,70.50000,,,70.75000,,,,,,,68.75000
KentJones,,67.20000,69.50000,70.25000,72.00000,71.00000,,,72.50000,72.00000,75.50000,75.50000,,70.25000,73.50000,69.75000,73.00000,69.25000,71.00000,,,71.50000,,73.50000,76.00000,73.00000,71.50000,69.75000,,,,72.50000,71.25000,,68.25000,70.00000,70.00000,67.75000,71.00000,70.25000,69.50000
KevinDurkin,,,,,,,,,,,,73.25000,,,,,,70.75000,,,,,,,,,,,,,,,,,,,,,,,
KevinGiancola,,,,,,,,,,,,,,,,,,,,,,,,,,,,,,,,75.00000,,,,,,,,,
KevinHaefner,,,,,,,,,,,,,,,,,,,,,,,,,,77.00000,,,,,,,,,,,,,,,
KevinHayashi,72.50000,,,,,,,,,,,,,,,,,,,,,,,,,,,,,,,,,,,,,,,,
KevinMuncrief,73.00000,,,74.66667,73.50000,,71.00000,,,,,75.00000,,,75.50000,71.00000,,,,77.50000,,,,77.50000,,73.50000,70.25000,70.25000,73.50000,,,76.00000,74.00000,75.00000,70.00000,77.00000,71.00000,73.33333,,,
KevinNa,69.00000,68.60000,,72.00000,73.00000,74.00000,71.50000,75.00000,69.75000,,,71.75000,,70.00000,71.50000,72.00000,73.00000,69.25000,,,,72.50000,,69.25000,71.25000,71.00000,70.75000,72.50000,72.00000,,,69.25000,72.50000,,,71.75000,67.00000,,72.50000,75.00000,69.25000
KevinSavage,,,,,,,,,,,,,,,,,,,,,,,,,,,80.00000,,,,,,,,,,,,,,
KevinStadler,,,,72.75000,72.50000,,,,,,,,,,,,,,,,,,76.75000,,,,69.50000,,,,,,,,,,,,,,
KevinStreelman,,,,74.00000,,,,,,,,,,,,,,,,,,,,,,,,,,,,,,,,,,,,,
KevinSutherland,,69.20000,68.25000,72.25000,72.00000,70.00000,71.50000,,,,70.25000,,,74.00000,73.00000,,70.25000,69.50000,,73.00000,72.00000,70.50000,73.50000,,72.75000,69.25000,,,,73.00000,,68.25000,72.50000,73.75000,,,,70.00000,70.75000,72.00000,
KirkTriplett,,67.20000,71.50000,70.50000,,68.25000,,,,71.50000,73.50000,,71.50000,,,70.50000,70.50000,,69.25000,71.25000,76.00000,,72.75000,,,70.25000,,68.75000,,74.00000,73.50000,68.50000,,,,,67.25000,70.66667,,68.50000,68.25000
KrisCox,70.50000,,,75.33333,72.00000,,70.50000,,,,,72.00000,,,76.00000,75.00000,,72.50000,,69.75000,,70.00000,74.50000,72.50000,73.00000,69.75000,,71.50000,70.50000,,,71.00000,73.50000,75.00000,74.00000,73.75000,70.50000,70.75000,71.50000,,
KrisMoe,,,,73.33333,,,,,,,,,,,,,,,,,,,,,,,,,,,,,,,,,,,,,
LarryMize,,,,72.66667,,,69.25000,,70.75000,,,71.75000,75.00000,73.50000,,,,,,,,,,,,,,73.00000,70.50000,,,,,73.50000,69.50000,,70.25000,,,,
LarryRinker,,,,,,,,,,,,,,,,,,,,,,,,,,,73.50000,,,,,,,,73.50000,,,,,,
LeeJanzen,,68.20000,69.75000,,73.00000,71.50000,,71.50000,70.25000,71.50000,73.50000,70.25000,,71.00000,,,74.00000,70.50000,69.25000,,72.00000,71.00000,73.00000,,,,,,,,,71.50000,71.25000,,,70.75000,,67.25000,71.00000,70.25000,69.25000
LeeRinker,,,,,,,,,75.50000,,,,,,,,,,,,,,,,,,,,,,,,,,,,,,,,
LeeWestwood,,,,,72.50000,70.25000,,,,71.00000,,,,76.50000,72.75000,,,,,,,,74.00000,,,,,,,73.00000,69.00000,,,,,,,,,,
LeifOlsen,,,,,,,,,,,,,,,,,,,,,,,76.50000,,,,,,,,,,,,,,,,,,
LenMattiace,,,,,,,,,78.50000,72.50000,72.00000,,75.50000,76.50000,72.00000,,74.00000,,72.25000,72.50000,72.50000,72.00000,,70.75000,72.50000,68.50000,,70.00000,72.25000,,,72.00000,74.50000,73.00000,,71.00000,,70.00000,72.50000,72.00000,73.25000
Lian-WeiZhang,,,,,,,,,,,,,74.50000,,,,,,,71.00000,77.00000,,,,,,,,,,,,,,,,,,,,
LonnyAlexander,,,,,,,,,,,,,,,77.50000,,,,,,,,,,,,,,,,,,,,,,,,,,
LorenPersonett,,,,,,,,,,,,,,,,,,,,80.50000,,,,,,,,,,,,,,,,,,,,,
LorenRoberts,71.00000,67.60000,,71.75000,,68.75000,,,,72.00000,73.00000,,,71.75000,,,,70.50000,69.00000,69.75000,,69.75000,,,70.00000,71.50000,,70.50000,71.50000,71.25000,,68.75000,,,67.75000,,67.00000,,,68.50000,72.50000
LucasGlover,70.00000,,,73.00000,76.50000,,71.00000,,,,,73.25000,,70.25000,72.00000,72.00000,70.25000,73.00000,74.00000,75.50000,,74.00000,,74.00000,72.75000,69.25000,69.50000,69.00000,71.25000,,,75.00000,72.50000,,69.00000,73.00000,68.75000,67.75000,71.50000,68.00000,73.00000
LukeDonald,68.00000,,72.00000,70.75000,69.50000,71.50000,,,70.75000,,74.00000,70.50000,,73.50000,,,70.50000,68.50000,71.75000,,75.00000,68.75000,,70.25000,69.25000,,,,,71.50000,69.50000,,,,,,,,71.50000,,
MacO'Grady,,,,,,,,,,,,,,,,,,,,,,,,,,,74.00000,,,,,,,,,,,,,,
MarcBourgeois,,,,,,,,,,,,,,,,,,,,,,,,,,,,,,,,,,77.00000,,,,,,,
MarcGirouard,,,,,,,,,,,,,,,,,,,,,,,,,,,,,,,,,,73.50000,,,,,,,
MarcelSiem,,,,,,,,,,,,,,,,,,,,,,,,,,,,,,,,,71.50000,,,,,,,,
MarcoDawson,,68.60000,69.25000,72.66667,74.00000,,,71.25000,,,,,,,,,,,,,,,,,,,,,,,,,,,,,,,,,
MarcoRuiz,,,,,,,,,,,,,,,,,,,,,,,,,,,,,,,,,,,,,,71.00000,,,
MarioTiziani,,,,,,,,,,,,,,,,,,,,,,,,,,,,74.50000,,,,,,,,,,,,,
MarkBrooks,,70.00000,75.50000,70.75000,,73.50000,71.50000,,,75.50000,77.00000,74.50000,,73.50000,74.00000,71.00000,,75.00000,68.75000,73.00000,,74.00000,76.00000,71.00000,,,,,,74.00000,,76.00000,72.00000,72.25000,69.50000,70.75000,70.50000,70.75000,71.50000,72.50000,
MarkCalcavecchia,,69.20000,69.50000,74.00000,,,68.75000,68.75000,,,73.00000,,,73.50000,71.50000,,,,72.50000,,73.50000,,72.75000,,,,,71.25000,,,,72.00000,,,,71.75000,,70.33333,70.75000,67.75000,70.75000
MarkEvenson,,,,,,,,,,,,,,,,,,,,,,,,,,,,,,81.00000,,,,,,,,,,,
MarkHayes,,75.75000,,,,,,,,,,,,,,,,,,,,,,,,,,,,,,,,,,,,,,,
MarkHensby,68.50000,69.50000,,70.00000,,,67.50000,73.00000,70.50000,71.00000,,69.00000,,73.50000,73.00000,,,70.50000,75.50000,74.50000,72.50000,,,70.25000,69.25000,67.00000,,,70.50000,74.00000,73.25000,,71.25000,70.00000,,72.50000,,,,67.75000,76.00000
MarkO'Meara,,67.40000,70.00000,72.00000,72.50000,71.50000,,,72.25000,72.25000,,,73.00000,70.50000,,,72.50000,68.25000,,,76.50000,,,,,,,,68.25000,74.50000,74.00000,,74.50000,,,,,,,,
MarkWiebe,,,,73.33333,,,71.50000,,,,,,,,,,,,,,,,,,,,69.00000,,,,,,,,71.50000,,,,,,
MarkWilson,,,,72.00000,,,71.50000,,,,,,,,76.00000,70.50000,,,,73.50000,,,,70.00000,71.50000,69.50000,70.50000,69.75000,72.00000,,,75.50000,72.25000,72.25000,68.75000,,70.50000,67.75000,71.25000,,
MathiasGronberg,,69.20000,,72.66667,72.00000,69.50000,71.00000,73.50000,73.25000,70.75000,,,,73.00000,72.50000,69.25000,70.00000,,71.25000,72.00000,75.50000,72.50000,,72.00000,73.00000,70.50000,,,70.75000,,,72.00000,73.00000,73.00000,,72.50000,72.50000,70.00000,71.00000,72.00000,73.00000
MattGogel,,69.75000,72.50000,73.66667,,72.25000,72.00000,,74.00000,,72.50000,77.00000,,72.50000,,,70.50000,68.50000,71.25000,70.75000,,,75.50000,69.75000,70.25000,,,,70.00000,71.25000,,68.00000,,,,69.75000,70.00000,70.00000,69.25000,,
MattHendrix,,,,,,,,,,,,,,,,,,,,,,,,71.50000,,,70.25000,,,,,,,,,,,,,,
MattKuchar,72.00000,,71.50000,72.00000,73.50000,,,75.50000,75.00000,,71.25000,73.50000,,70.75000,73.50000,68.25000,73.75000,,,70.25000,,72.00000,,,,71.50000,72.00000,69.75000,71.00000,,,72.00000,70.00000,,68.50000,73.00000,72.00000,71.66667,72.50000,70.00000,69.75000
MattLoving,,,,,,,,,,,,,,,,,,,,79.50000,,,,,,,,,,,,,,,,,,,,,
MattSeppanen,,,,,,,,,,,,,,,,,,,,,,,,,,,,,71.50000,,,,,,,,,,,,
MattWeibring,,,,,,,,,,,,,,,,,,,,,,,,,,,,,,,,70.25000,,,,,,,,,
MichaelAllen,68.00000,68.80000,,,72.00000,70.00000,73.00000,71.25000,74.50000,,,73.00000,,74.50000,,,73.00000,72.00000,,69.50000,,72.00000,,69.75000,71.00000,,73.50000,72.50000,,,,70.50000,72.25000,74.00000,,72.00000,70.50000,70.66667,68.00000,69.25000,
MichaelBeard,,74.00000,,,,,,,,,,,,,,,,,,,,,,,,,,,,,,,,,,,,,,,
MichaelBradley,,,,,,,,,,,,,,,,,,,,69.50000,,,,70.25000,,71.50000,72.00000,,71.00000,,,,,,,,74.00000,,,,
MichaelCampbell,,,,,,,,,,,,,74.50000,,,,,,,,,,73.00000,,,,,,,72.50000,,,,,,,,,,,
MichaelClarkII,,,,73.33333,,,68.50000,,,,,,,,,,78.50000,,,70.50000,,,,75.50000,,71.00000,69.75000,73.00000,71.50000,,,,,73.00000,69.50000,,73.50000,,,69.75000,
MichaelHenderson,,,,,,,,,,,,,,,,,,73.50000,,,,,,,,,,,,,,,,,,,,,,,
MichaelPearson,,,,,,,,,,,,,,,,74.00000,,,,,,,,,,,,,,,,,,,,,,,,,
MichelleWie,70.00000,,,,,,,,,,,,,,,,,,,,,,,,,,,,,,,,,,,,,,,,
MiguelAngelJimenez,,,,,,,,,,,,,,,,,,,,,,72.75000,73.00000,,,,,,,71.75000,70.50000,,,,,,,,,,
MiguelRivera,,,,,,,,,,,,,,,,,,,,,,,,,,,,,70.50000,,,,,,,,,,,,
MikeAustin,,,,,,,,,,,,,,,,,,,,,,,,,,,,,75.50000,,,,,,,,,,,,
"MikeBaker,Jr.",,,,,,,,,,,,,,,,,,,,,,,,,,,,,,78.50000,,,78.00000,,,,,,,,
MikeDonald,,,,,,,,,,,,,,,,,,,,,,,,,,,74.50000,,,,,,,,,,,,,,
MikeGrob,,,,73.66667,,,72.00000,,,,,,,,,,,,,70.50000,,,,72.25000,,72.50000,69.75000,70.00000,72.00000,,,74.00000,,73.50000,70.50000,,70.50000,,,,
MikeHarmon,,,,,,,,,,,,,,77.00000,,,,,,,,,,,,,,,,,,,,,,,,,,,
MikeHeinen,,,,76.00000,,,68.00000,75.00000,,73.50000,,,,,73.25000,72.50000,,,,72.50000,,,,76.50000,,69.75000,71.00000,71.00000,71.50000,,,70.00000,71.25000,75.00000,69.50000,,,,,,
MikeHulbert,,,,72.66667,,,,,,72.50000,,,,,,,,,,74.00000,,,,73.50000,,,72.50000,,,,,,,,73.00000,,,70.00000,,,
MikeLavery,,,,,77.50000,,,,,,,,,,,,,,,,,,,,,,,,,,,,,,,,,,,,
MikeNorthern,,,,,,,,,,,,,,,,,,,,,,,,,,,,,,77.50000,,,,,,,,,,,
MikeSchuchart,,,,,,,,,,,,,,,,,,,,,,,,,,,,,,79.00000,,,,,,,,,,,
MikeSmall,,,,,,,,,,,,,,,,,,,,,,,,,71.00000,,,,,75.50000,,,,,,,,,,,
MikeSposa,,,,,,,,,,,,,,,,,,,,,,,,,,,72.00000,,,,,,,,,,,,,,
MikeSpringer,,,,73.33333,,,,,,,,,,,,,,,,73.50000,,,,,,70.00000,71.00000,73.50000,,,,,,74.50000,70.00000,,74.50000,,70.75000,,
MikeStandly,,,,74.66667,,,73.50000,,,,,,,,,70.50000,,,,78.00000,,,,,,,71.00000,75.00000,,,,,,,69.50000,,71.00000,,,,
MikeSullivan,,,,,,,,,,,,,,,,,,,,,,,,,,,72.25000,,,,,,,,,,,,,,
MikeWeir,,68.40000,67.75000,69.75000,,66.75000,,,,,74.50000,72.75000,74.50000,,,,70.75000,70.25000,71.50000,,,71.00000,71.00000,,76.00000,,,,,73.00000,71.00000,,,68.75000,,72.00000,,,,,74.00000
MyungJunPark,74.00000,,,,,,,,,,,,,,,,,,,,,,,,,,,,,,,,,,,,,,,,
NathanFritz,,,,,,,,,,,,,,,,,,,,,,,,,,,,72.00000,,,,,,,,,,,,,
NathanSmith,,,,,,,,,,,,,75.00000,,,,,,,,,,74.50000,,,,,,,,,,,,,,,,,,
NealLancaster,,69.00000,72.00000,72.50000,72.25000,69.25000,,69.00000,73.00000,72.00000,75.50000,71.25000,,74.50000,72.00000,,76.00000,70.25000,71.25000,,,70.50000,,,74.00000,69.50000,67.75000,72.00000,69.75000,,,71.50000,70.25000,72.75000,,73.00000,71.00000,71.33333,71.00000,68.00000,71.00000
NickCassini,,,,,,,,,,,,75.50000,,,,,,,,,,,,,,,,,,,,,,,,,,,,,
NickFaldo,,,,,,,,,,73.25000,73.25000,,75.50000,,,,,,,,,,75.50000,,,,,,,72.50000,,,,,,,,,,,
NickFlanagan,,,,,,,,,,74.00000,,,76.00000,,,,,,,,76.00000,,77.00000,,,,,,,,,71.50000,71.50000,,,,,70.33333,,,
NickGilliam,,,,,,,,,,,,,,,,,,,,,,,,,,,,71.50000,,,,,,,,,,,,,
NickO'Hern,,,,,,,,,,,,,,,,,,,,,,,,,,,,,,71.75000,,,,,,,,,,,
NickPrice,,,,,,72.00000,,69.00000,,,72.25000,,71.50000,70.50000,,,70.75000,68.00000,,,72.75000,,73.00000,,,69.75000,,,,,71.50000,71.50000,,,,,,,,74.00000,
NickWatney,,,,72.66667,,,,,,,,,,,,,,,,,,,,,,,,,,,,,,,,,,,,,
NiclasFasth,,,73.00000,71.25000,70.25000,71.50000,,72.00000,,71.50000,,75.50000,,72.50000,75.00000,73.50000,,,,,72.75000,71.75000,,,,,,,,72.25000,73.00000,71.00000,72.50000,,,72.50000,71.00000,,72.00000,70.50000,74.00000
NolanHenke,,,,,,,,,,,,,,,,,,,,,,,,,,,72.50000,,,,,,,,,,,,,,
NotahBegayIII,71.50000,68.40000,70.75000,,,71.50000,68.50000,71.50000,71.75000,,75.00000,75.00000,,72.50000,73.00000,,69.75000,70.25000,76.50000,70.50000,,72.25000,,70.00000,72.50000,71.00000,67.50000,71.50000,,,,,,,,,,,,,
OlinBrowne,69.25000,71.25000,,73.33333,,74.00000,69.50000,71.00000,73.50000,75.50000,,,,,73.50000,70.25000,74.00000,73.00000,72.00000,,,71.50000,,68.25000,73.50000,68.75000,70.00000,67.50000,69.50000,,,69.00000,75.00000,,67.25000,,69.75000,68.00000,,71.00000,74.50000
OmarUresti,67.50000,,,74.33333,73.00000,,70.00000,71.50000,73.00000,72.25000,,75.50000,,76.00000,,70.75000,75.50000,73.50000,,,,71.00000,73.00000,72.50000,75.50000,71.50000,68.75000,71.50000,72.00000,,,68.50000,,72.50000,71.50000,71.75000,69.25000,68.00000,72.50000,69.50000,
OscarAlvarez,,,,,,,,,,,,,,,,,,,,,,,79.00000,,,,,,,,,,,,,,,,,,
PadraigHarrington,,,,,,,,,,,69.25000,69.50000,72.00000,,,,,,,,72.25000,68.00000,73.75000,,,,,,,72.25000,74.25000,,,,,,,,,,
ParkerMcLachlin,,,,,,,,,,,,,,,,,,,,,,,74.50000,,,,,,,,,,,,,,,,,,
PatBates,69.00000,71.75000,71.50000,,,72.00000,70.50000,75.00000,73.00000,,72.25000,75.00000,,73.00000,,70.75000,71.50000,74.00000,72.00000,78.50000,,70.75000,,70.75000,72.25000,71.50000,68.75000,71.00000,70.75000,,,69.75000,73.25000,,69.50000,74.00000,67.75000,69.66667,71.00000,73.50000,70.25000
PatPerez,68.50000,72.00000,74.00000,76.66667,72.50000,72.25000,72.00000,,74.50000,,74.00000,72.50000,,75.50000,74.00000,69.00000,70.75000,70.50000,,72.50000,,70.75000,74.25000,,70.00000,70.75000,,,71.00000,,,70.50000,71.50000,70.50000,67.75000,69.00000,,68.00000,,69.00000,72.00000
PatrickDamron,,,,,,,,,,73.00000,,,,,,,,,,,,,,,,,,,,,,,,,,,,,,,
PatrickMoore,,70.60000,,,,76.00000,74.00000,76.00000,,,,77.50000,,,75.50000,71.00000,75.50000,74.50000,,,,72.00000,,73.50000,77.00000,71.50000,,72.00000,,,,,,,,,,,,,
PatrickPrince,,,,,,,,,,,,,,,,73.00000,,,,,,,,,,,,,,,,,,,,,,,,,
PatrickSheehan,72.00000,69.60000,73.00000,73.00000,73.75000,74.50000,69.25000,70.50000,72.00000,71.75000,73.50000,74.00000,,69.00000,71.25000,70.50000,,,71.75000,70.25000,,73.50000,,71.75000,72.00000,68.25000,,67.50000,70.00000,72.50000,,71.25000,72.50000,,66.00000,70.50000,68.50000,,73.50000,71.50000,71.00000
PaulAzinger,67.50000,67.20000,69.50000,,,70.25000,,71.00000,72.50000,75.50000,,76.00000,,77.00000,70.75000,68.75000,,,,72.50000,74.25000,,,,,73.00000,,70.25000,69.75000,73.00000,,,76.50000,73.00000,,,71.00000,68.50000,,71.50000,71.50000
PaulCasey,,,73.00000,,,,,,,,70.75000,,71.50000,,,,,,,,,,73.50000,,,,,,69.25000,73.00000,69.50000,,,,,,,,,,
PaulGoydos,,,,,,,,,,,,,,,,,,,,,,,,,,,,,,,,,,,,,,69.00000,,69.50000,
PaulHoltby,,,,,75.50000,73.50000,,,,,,,,,,,,,,,,,,,,,,,,,,,,,,,,,,,
PaulLawrie,,,,,,,,,,,73.50000,76.50000,74.25000,,,,,,,,,,76.50000,,,,,,,,,,,,,,,,,,
PaulMcGinley,,,,73.33333,,,,,,,,,,,,,,,,,,,,,,,,,,70.50000,71.50000,,,,,,,,,,
PaulStankowski,,68.60000,70.50000,71.00000,,69.75000,72.00000,,73.00000,,71.25000,73.00000,,,71.25000,,75.00000,72.50000,,69.25000,,71.50000,,72.50000,,,,,,,,,,,,,,,,,
PaytonOsborn,,,,,,,,,,,,,,,,,,,,,,,76.50000,,,,,,,,,,,,,,,,,,
Per-UlrikJohansson,,69.40000,71.50000,74.00000,,70.50000,67.75000,74.50000,72.75000,76.00000,,,,,,,,,,,,,,,,,,,,,,,,74.50000,73.50000,,,72.33333,74.50000,,
PeteJordan,,,,,,,,,,,,,,,,,,,,,,,75.50000,70.00000,,,,,,,,,,,,,,,,,
PeterJacobsen,69.25000,68.80000,,70.50000,,71.00000,,,,,74.75000,,,,,,,,,,,,,,,,,,,,,,,,,,,,,,71.50000
PeterLonard,,,,,,71.00000,,70.50000,,74.50000,77.50000,70.00000,74.50000,73.50000,,,71.75000,69.75000,69.75000,,70.75000,70.75000,73.75000,,70.75000,,,,,73.00000,70.75000,72.00000,,,,72.50000,,,,71.00000,75.00000
PeterSenior,,,,,,,,,,,,,,,,,,,,,,,,,,,,,,,74.00000,,,,,,,,,,
PhilBlackmar,,,,,,,,,,,,,,,74.25000,,,,,,,,,,,,,,,,,,,,,,,,,,
PhilMickelson,,66.00000,68.00000,69.00000,69.75000,,,69.75000,,,70.00000,70.75000,69.75000,,,66.75000,69.75000,70.50000,70.25000,,,69.75000,69.50000,,,,,,,70.50000,71.25000,,,72.75000,,,,,,,73.50000
PhilTataurangi,,,,,,,,,,,,,,,,,,,,,,,,,,,72.00000,,74.50000,,,75.50000,74.50000,,,73.50000,,,,,
PhillipPrice,,,,70.75000,,71.25000,,,,72.75000,,76.00000,74.00000,,,,,,,,,,75.50000,,,,,,,73.50000,72.00000,,73.50000,,,,,,,,
PierreFulke,,,,,,,,,,,,,,,,,,,,,,,,,,,,,,,76.00000,,,,,,,,,,
QuinnGriffing,,,,,,,,,,,,,,,,,,,,,,,,,,,,,,73.50000,,,,,,,,,,,
RamonBescansa,,,,,,,,,75.00000,,,,,,,,,,,,,,,,,,,,,,,,,,,,,,,,
RaphaelJacquelin,,,,,,,,,,,,,,,,,,,,,,,,,,,,,,73.00000,,,,,,,,,,,
RaymondFloyd,,,,,,,,,,,,,74.50000,,,,,,,,,,75.00000,,,,,,,,,,,,,,,,,,
RetiefGoosen,67.50000,67.80000,68.25000,,,,,68.00000,,72.50000,76.00000,,72.00000,74.00000,,,,,,,70.50000,,69.00000,,,,,,,,,,,,,,,,,,69.75000
RettCrowder,,,,,,,,,,,,,,,,,,,,,,,,,,,,,,,,,,,,,74.00000,,,,
RicardoGonzalez,,,,,,,,,,,,,,,,,,,,,,,,,,,,,,74.00000,72.00000,,,,,,,,,,
RichBarcelo,70.00000,,,71.00000,72.00000,,71.00000,75.50000,74.50000,,,73.50000,,,,71.50000,72.00000,70.00000,,73.00000,,74.00000,,69.00000,74.50000,71.50000,,69.75000,69.75000,,,73.00000,72.00000,77.00000,73.50000,,,68.75000,73.00000,,
RichBeem,,70.50000,71.50000,,73.00000,70.75000,,73.50000,,,75.50000,72.25000,75.00000,,75.00000,,71.50000,70.50000,,70.50000,72.25000,,73.00000,70.50000,71.50000,,,70.25000,,75.50000,,,,,70.00000,73.00000,70.25000,,,70.50000,75.00000
RichardS.Johnson,70.00000,68.00000,71.50000,72.33333,,73.50000,75.00000,76.50000,72.50000,,77.50000,73.00000,,72.50000,,70.50000,72.00000,71.00000,,73.00000,,71.75000,,70.50000,71.25000,70.50000,69.25000,69.25000,,,,74.00000,70.00000,71.50000,70.00000,70.50000,68.75000,69.00000,69.25000,68.75000,71.50000
RichardScott,,,,,,,,,,,,,,,,,,,,,,,,,,,,,,,,,,74.00000,,,,,,,
RichardZokol,,,,,,,,,,,,,,,,,,,,,,,,,,,,,,,,,,75.00000,,,,,,,
RickFehr,,,,,,,,,,,,,,,,,,,,72.50000,,,,,,,71.50000,,,,,,,,,,,,,71.00000,
RickLeibovich,,,,79.00000,,,,,,,,,,,,,,,,,,,,,,,,,,,,,,,,,,,,,
RickyBarnes,,,68.50000,,,,70.25000,74.00000,75.50000,,,76.00000,,,,70.50000,74.00000,,,,,,,,,,,,,,,,,,,,,,,,
RickyTouma,,,,,,,,,,,,,,,,,,,,,,,,74.00000,,,,,,,,,,,,,,,,,
RobMcMillan,,,,,,,,,,,,,,,,,,,,,,,,,,,,,,,,,,76.00000,,,,,,,
RobertAllenby,,,68.50000,,71.75000,69.00000,,,69.75000,73.00000,72.00000,,74.50000,,72.75000,,72.00000,69.50000,71.25000,,72.00000,69.50000,71.50000,,70.00000,,,,,70.75000,69.00000,,,,71.00000,70.25000,,68.75000,71.00000,,68.50000
RobertDamron,,68.20000,73.50000,73.00000,73.50000,71.50000,,74.00000,73.00000,76.00000,74.50000,,,72.25000,73.50000,69.25000,73.00000,67.50000,,70.75000,,71.50000,,,72.50000,72.00000,,71.00000,70.50000,,,68.50000,72.25000,69.75000,,71.75000,68.50000,,73.25000,71.00000,73.00000
RobertDeruntz,,,,,,,,,,,,,,,,,,,,,,81.50000,,,,,,,,,,,,,,,,,,,
RobertGamez,68.25000,68.80000,71.50000,72.75000,,,,69.50000,74.00000,73.50000,74.50000,72.50000,,71.25000,73.25000,,73.00000,72.50000,68.50000,70.75000,75.00000,,,71.00000,70.25000,68.25000,68.00000,69.75000,71.75000,74.00000,,70.75000,71.75000,,72.00000,70.00000,,68.50000,72.00000,69.75000,72.50000
RobertGarrigus,,,,,,,,,,,,,,,,,,,,,,,74.00000,,,,,,,,,,,,,,,,,,
RobertHamilton,,,,74.00000,,,,,,,,,,,,,,,,,,,,,,,,,,,,,,,,,,,,,
RobertThompson,,,,,,,,,,,,,,,,,,,,,,,,,,,,,,78.00000,,,,,,,,,,,
RobinFreeman,,,,73.66667,73.00000,76.50000,,,,,,,,,,,,,,72.50000,,,,,,72.50000,67.50000,71.00000,,,,,,78.50000,70.50000,,73.50000,72.00000,,,
RoccoMediate,,67.40000,72.00000,72.66667,,72.50000,,,,,,,75.50000,,,,,,71.25000,,73.00000,70.75000,,,75.00000,72.50000,,,,73.00000,,,,,,,,70.00000,72.00000,70.50000,70.50000
RodCurl,,,,,,,,,,,,,,,,,,,80.00000,,,,,,,,,,,,,,,,,,,,,,
RodPampling,69.50000,67.20000,68.50000,73.00000,72.75000,,,70.50000,70.50000,71.25000,72.75000,,,70.25000,72.50000,,,68.75000,70.75000,,75.00000,,,71.00000,73.50000,,,,,73.00000,69.25000,,,,69.00000,71.50000,68.00000,,69.50000,70.25000,71.75000
RogerMaltbie,,,,78.00000,,,,,,,,,,,,,,,,,,,,,,,,,,,,,,,,,,,,,
RogerTambellini,70.50000,,,73.33333,71.00000,,71.50000,77.00000,71.75000,,,71.25000,,73.00000,73.25000,71.50000,75.00000,73.00000,,74.50000,,71.50000,76.00000,,,71.25000,70.25000,69.50000,70.50000,,,73.50000,74.00000,71.50000,70.00000,72.50000,,70.66667,72.00000,,
RolandThatcher,71.50000,,,74.00000,72.50000,,71.00000,,,,,74.00000,,,76.00000,71.00000,,,,74.00000,,,,73.00000,73.00000,71.00000,69.75000,72.00000,71.00000,,,71.00000,71.50000,71.25000,70.50000,70.50000,70.50000,71.00000,70.50000,,
"RonCastillo,Jr.",70.50000,,,,,,,,,,,,,,,,,,,,,,,,,,,,,,,,,,,,,,,,
"RonPhilo,Jr.",,,,,,,,,,,,,,,,,,,,,,,,,,,,,,77.50000,,,75.50000,,,,,,,,
RonSkayhan,,,,,73.50000,,,,,,,,,,,,,,,,,,,,,,,,,,,,,,,,,,,,
RorySabbatini,,,72.50000,72.33333,70.50000,69.00000,67.50000,,70.25000,73.50000,72.25000,73.25000,,,70.75000,,72.00000,68.75000,70.00000,,70.75000,68.00000,73.00000,67.25000,,,,,,77.00000,68.25000,,,,,72.50000,,,,,
RoyBiancalana,,,,,,,,,,,,,,,,,,,,,,,,,77.50000,,,,,74.75000,,,,,,,,,,,
RussCochran,69.25000,,,74.33333,73.50000,69.50000,70.00000,69.75000,75.50000,,,,,,72.25000,69.50000,72.50000,69.25000,,,,71.00000,,71.00000,75.00000,73.50000,,,72.00000,,,70.75000,71.50000,,69.50000,,,72.33333,73.50000,,
RyanMoore,,,,,,,,,,,,,,,,,,,,,,,,,,,,,,,,,,,,,,,70.25000,,
RyanPalmer,70.00000,70.50000,,71.50000,72.50000,71.50000,72.00000,70.25000,71.25000,71.25000,,76.00000,,74.00000,75.00000,68.50000,73.50000,73.50000,73.00000,,,72.50000,,68.75000,73.75000,74.50000,,69.50000,70.50000,,,70.50000,70.00000,,68.00000,72.50000,66.75000,69.00000,75.50000,66.50000,71.50000
RyanWelborn,,,,,,,,,,,,,,,,,,,,,,,,,,,,,75.50000,,,,,,,,,,,,
S.K.Ho,,,,,,,,,,,,,,,,,,,,,,,,,,,,,,73.00000,70.50000,,,,,,,,,,
SamRandolph,,,,,,,,,,,,,,,,,,,,,,,,,,,74.00000,,,,,,,,,,,,,,
SandyLyle,,,,,,,,,,,,,74.25000,,,,,,,,,,,,,,,,,,,,,,,,,,,,
ScottDrummond,,,,,,,,,,,,,,,,,,,,,,,,,,,,,,73.50000,73.00000,,,,,,,,,,
ScottDunlap,,,,,,,,,,,,,,,,,,,,,,,,,,,,,,,,,,73.50000,,,,,,,
ScottGutschewski,,,,72.00000,,,,,,,,,,,,,,,,,,,,,,,,,,,,,,,,,,,,,
ScottHarrington,,,,,,,72.00000,,,,,,,,,,,,,,,,,,,,,,,,,,,,,,,,,,
ScottHend,73.00000,,,73.33333,72.50000,,73.00000,74.00000,,,,69.25000,,71.75000,73.25000,72.00000,71.75000,72.50000,71.50000,72.00000,,69.50000,76.50000,69.50000,77.00000,,,,75.00000,,,73.00000,71.50000,,69.50000,72.00000,70.50000,70.33333,72.00000,71.00000,
ScottHeyn,,,,,,73.00000,,,,,,,,,,,,,,,,,,,,,,,,,,,,,,,,,,,
ScottHoch,70.50000,,,,,,,71.25000,,75.00000,72.25000,,,69.50000,69.75000,69.75000,73.50000,,,,,,74.75000,72.50000,70.00000,68.00000,,68.00000,70.50000,,,,,,,,,,,,
ScottMcCarron,,69.00000,71.25000,70.25000,,69.25000,,74.00000,73.25000,74.00000,72.50000,73.25000,,,73.50000,74.00000,,73.50000,,,71.25000,,,72.50000,71.75000,68.25000,,68.50000,69.75000,74.00000,,,,75.00000,67.75000,73.00000,,68.25000,,68.75000,
ScottPiercy,,,,,,,,,,,,,,,,,77.00000,,,,,,,,,,,,,,,,,,,,,,,,
ScottSimpson,69.75000,,,72.66667,76.50000,,72.00000,,,,,73.25000,,71.50000,,72.50000,,71.25000,,,,,,,72.00000,73.50000,72.00000,70.50000,,,,71.00000,,73.50000,66.75000,72.50000,72.50000,,,,
ScottVerplank,,67.60000,68.00000,,,,,67.75000,,69.25000,71.75000,,73.25000,70.75000,,70.25000,,68.50000,70.25000,,,70.25000,74.25000,,70.00000,,,68.25000,68.25000,73.25000,69.75000,,,,,72.50000,,67.75000,,68.25000,
ScottWeatherly,,,,,,,,,,,,,,,,,,,,,,,75.00000,,,,,,,,,,,,,,,,,,
SeanEnglish,,,,,,,,,,,,,,,,,,,,,,,,,,,,,,79.50000,,,,,,,,,,,
SeanFarren,,,,,,,,,,,,,,,,,,,,,,,,,,,,,,,,,,,,75.50000,,,,,
SeanMurphy,,,,,,,71.00000,,,,,,,,,,,,,,,,,,,,,72.50000,,,,,,,,,,,,,
SeanPacetti,,,,,,,,,,,,,,,,,,,,,,,,,,,,,70.50000,,,,,,,,,,,,
SergioGarcia,,,68.25000,,71.25000,69.25000,,,,71.50000,72.50000,,71.25000,,,,72.50000,67.50000,70.25000,,71.75000,68.00000,72.75000,,,,,,,73.00000,69.50000,,,,,,,,,,
ShaunMicheel,68.00000,,,,73.00000,69.50000,,70.50000,,,70.50000,72.00000,72.50000,,,,71.75000,69.00000,,75.00000,74.50000,,73.25000,70.00000,73.50000,,,,71.50000,71.50000,72.00000,,73.50000,,69.25000,72.00000,69.25000,70.66667,,70.50000,70.00000
ShawnKelly,,,,77.00000,,,,,,,,,,,,,,,,,,,,,,,,,,,,,,,,,,,,,
ShigekiMaruyama,69.00000,,71.50000,,69.75000,67.00000,,69.00000,,70.00000,72.50000,,76.50000,,,,72.25000,68.00000,72.50000,,72.50000,71.50000,71.00000,,70.00000,69.00000,,,,75.00000,70.50000,,68.75000,,,70.25000,,,70.00000,,
ShingoKatayama,,,,,,,,,,,,,,,,,,,,,,,,,,,,,,73.25000,,,,,,,,,,,
SkipKendall,72.00000,66.00000,71.50000,,73.00000,72.50000,,70.75000,73.00000,73.50000,73.50000,74.00000,,70.50000,,69.50000,74.00000,,68.50000,,73.00000,70.75000,72.50000,,71.75000,,,71.25000,71.00000,76.00000,,69.75000,70.25000,,,71.50000,,70.25000,71.00000,68.25000,71.25000
SpencerLevin,,,,,,,,,,,,,,,,,,,,,,,72.00000,,,,,,,,,,,,,,,,,,
SpikeMcRoy,71.00000,69.20000,71.50000,,75.00000,71.00000,,73.00000,73.50000,,73.00000,72.75000,,71.00000,74.00000,73.00000,71.00000,71.50000,,74.00000,,71.00000,74.25000,71.50000,,71.00000,,70.00000,70.50000,,,73.00000,71.50000,75.00000,,75.00000,71.00000,70.25000,72.50000,68.75000,68.75000
StanUtley,,,,72.33333,,,71.50000,,,,,,,,,,,,,71.75000,,,,72.50000,,69.25000,69.25000,,,,,,,,,,70.50000,,,,
StephenAllan,68.25000,69.50000,71.50000,72.00000,,71.00000,71.25000,75.00000,74.50000,,75.50000,71.25000,,72.50000,73.00000,69.50000,72.25000,71.50000,,69.75000,,75.50000,74.50000,70.75000,72.25000,,68.50000,70.25000,69.75000,,,71.00000,78.50000,,70.00000,71.75000,68.00000,68.75000,,69.00000,74.00000
StephenAmes,67.25000,67.60000,68.50000,,72.00000,69.50000,,70.00000,73.50000,70.00000,71.00000,,,69.50000,70.50000,68.00000,,,67.75000,,69.75000,72.00000,71.75000,,68.50000,,,,75.00000,70.75000,70.25000,,,74.50000,,,,,,68.75000,71.00000
StephenLeaney,,68.20000,71.50000,,70.50000,72.00000,,,,74.25000,77.00000,,72.25000,72.50000,,,71.50000,68.00000,69.75000,,70.75000,71.00000,74.25000,,71.75000,,,,,73.50000,70.25000,,,,,72.50000,,,,69.00000,70.50000
StephenSokol,,,,,,,,,,,,,,,,,,,,,,,77.00000,,,,,,,,,,,,,,,,,,
StephenWoodard,,,,,,,,,,,,,,,,,,,,,,,,,,,,,,,,,,74.00000,,,,,,,
SteveBurns,,,,,,,,75.50000,,,,,,,,,,,,,,,,,,,,,,,,,,,,,,,,,
SteveElkington,,69.00000,70.50000,72.00000,,69.75000,69.50000,75.50000,,,71.75000,72.25000,,,77.50000,,,,71.25000,,,,,,72.00000,,,70.00000,,,,,,74.00000,69.00000,72.50000,,,,,
SteveFlesch,71.00000,67.40000,67.25000,,70.25000,71.50000,,,71.25000,71.75000,75.00000,72.50000,72.25000,76.50000,,69.75000,69.75000,,67.25000,,72.00000,,71.50000,,73.00000,,,,70.50000,72.00000,71.75000,,,72.50000,,71.75000,,69.66667,,69.25000,
SteveFriesen,,,,71.75000,,,,,,,,,,,,,,,,,,,,,,,,,,,,,,,,,,,,,
SteveGotsche,,,,,,,,,,,,,,,,,,,,,,,77.00000,,,,,,,,,,,,,,,,,,
SteveLowery,,69.80000,70.75000,72.00000,,73.50000,70.25000,78.00000,,71.00000,77.00000,72.00000,,,71.50000,69.50000,76.50000,70.75000,72.00000,68.75000,,70.50000,,,69.00000,,,71.00000,,77.00000,,,73.00000,70.50000,,74.50000,73.00000,69.33333,,69.00000,73.00000
StevePate,,68.40000,,72.66667,74.00000,,69.50000,75.50000,74.00000,,,80.00000,,,73.50000,68.75000,,,,72.00000,,73.00000,,72.50000,71.50000,70.50000,,71.75000,70.50000,,,70.75000,71.75000,,,74.50000,68.75000,70.33333,71.25000,,
SteveSchneiter,,,,,,,,,,,,,,,,,,,,,,,,,,,,,,76.50000,,,,,,,,,,,
SteveScott,,,,,,,,,,,,,,,,,,,,,,,,,,,,,,,,,,75.00000,,,,,,,
SteveStricker,,71.00000,71.50000,,75.00000,72.00000,,74.00000,72.50000,75.00000,75.00000,72.00000,,,71.50000,69.00000,,70.50000,,,,,74.00000,70.00000,71.25000,67.50000,,69.75000,71.25000,,,72.00000,73.50000,77.00000,,71.00000,72.00000,69.50000,70.50000,,72.50000
SteveVecellio,,,,,,,,,,,,,,,,,,,,,,,,,,,,,76.00000,,,,,,,,,,,,
StevenTate,,,73.00000,,,,,,,,,,,,,,,,,,,,,,,,,,,,,,,,,,,,,,
StewartCink,,68.80000,68.50000,,70.00000,69.75000,,69.50000,,72.00000,71.50000,70.50000,72.25000,68.50000,,,73.00000,,69.25000,69.00000,72.25000,73.00000,74.50000,,,67.75000,,,67.50000,71.25000,67.25000,,,69.50000,,68.50000,,,,,71.50000
StuartAppleby,70.00000,,,,71.75000,67.50000,,,,69.00000,73.50000,,72.50000,,,75.00000,70.50000,71.50000,72.00000,,73.75000,70.00000,74.50000,,69.50000,,,,,71.25000,69.00000,,,,,,,68.00000,,70.25000,73.00000
SvenStruver,,,,,,,,71.25000,,,,,,,,,,,,,,,,,,,,,,,,,,,,,,,,,
TagRidings,,,,72.66667,,,70.25000,,,,,71.25000,,,75.00000,,,,,,,,,,,,73.50000,72.50000,72.00000,,,71.25000,73.50000,72.50000,,70.00000,,66.75000,70.75000,70.50000,69.00000
TatsuakiNakamura,,,,,,,,76.00000,,,,,,,,,,,,,,,,,,,,,,,,,,,,,,,,,
TedPurdy,69.25000,,72.00000,70.75000,73.00000,,69.00000,71.75000,71.25000,75.50000,,73.50000,,68.50000,71.25000,69.25000,72.50000,69.00000,72.50000,70.00000,71.75000,70.50000,,,72.50000,69.75000,67.25000,70.50000,,73.50000,,69.25000,72.00000,73.50000,66.50000,70.50000,68.50000,69.50000,69.25000,75.50000,71.50000
TedTryba,,,,,,,70.50000,,,,,,,,,,,,,75.00000,,,,75.00000,,71.50000,74.50000,73.50000,74.00000,,,75.00000,,,,,,,,,
TetsujiHiratsuka,72.50000,,,,,74.00000,,,,,,,,,,,,,,,,,,,,,,,,77.00000,,,,,,,,,,,
ThomasBjorn,,,,,69.75000,71.75000,,,,71.50000,71.50000,77.50000,78.50000,,,,,,,,75.00000,75.50000,74.00000,,,,,,,,,,,,,,,,,,
ThomasLevet,,,,,,,,,,,,,,,,,,,,,,,75.00000,,,,,,,73.00000,70.75000,,,,,,,,,,
ThongchaiJaidee,,,,,,,,,,,,,,,,,,,,,75.00000,,,,,,,,,79.00000,70.75000,,,,,,,,,,
TigerWoods,,,,,70.00000,68.50000,,,,72.00000,71.25000,,72.50000,,,,69.50000,67.75000,,,69.00000,,72.50000,,69.75000,,,,66.75000,71.50000,68.25000,,67.75000,,,,,,,,
TimClark,,,72.00000,,72.00000,68.75000,68.00000,72.50000,,,75.00000,,77.00000,71.25000,,,72.75000,71.50000,69.25000,,72.25000,69.25000,72.00000,72.00000,,,,,,74.00000,71.75000,71.50000,71.75000,,66.50000,71.00000,67.50000,,71.00000,67.75000,69.00000
TimConley,,,,,,,,,,,,,,,,,,,,,,,,,,,70.50000,,,,,,,,,,,,,,
TimFleming,,,,,,,,,,,,,,,,,,,,,,,,,,,,,,74.50000,,,,,,,,,,,
TimHerron,68.50000,69.75000,69.00000,72.00000,,69.75000,,,74.00000,71.25000,77.00000,,77.00000,,71.25000,,72.50000,67.75000,71.75000,68.75000,71.25000,,72.00000,68.00000,,,,,,78.00000,,67.50000,72.00000,,,74.00000,,,,73.00000,70.00000
TimParun,,,,,75.50000,,,,,,,,,,,,,,,,,,,,,,,,,,,,,,,,,,,,
TimPetrovic,71.50000,69.40000,70.50000,71.00000,72.00000,69.25000,,73.00000,,72.75000,72.50000,71.00000,75.00000,70.25000,71.50000,,74.00000,70.50000,68.50000,77.00000,72.25000,70.25000,73.00000,,,,,,70.50000,73.00000,,69.25000,70.25000,72.25000,69.25000,70.00000,,67.25000,71.25000,74.50000,72.50000
TimThelen,,,,,,,,,,,,,,,,75.00000,,,,,,,,,,,,71.00000,,,,,,,68.00000,,71.50000,,,,
TimTims,,,,,,,,,,,,,,,,,,,,88.00000,,,,,,,,,,,,,,,,,,,,,
TimWeinhart,,,,,,,,,,,,73.50000,,,,,,,,,,,,,,,,,,,,,,,,,,,,,
TimWilkinson,,,,,,,,,,,,,,,,,,,,,,,,,,,,,,,,69.00000,,,,,,,,,
TjaartvanderWalt,69.25000,,,76.66667,,,,,,,,74.00000,,,73.75000,71.50000,,68.75000,,71.00000,,71.50000,,72.50000,73.50000,,,,,,,,,,,,,,,,
ToddBarranger,,,,74.00000,,,,,,,,,,,,,,,,,,,,,,,,,,,,,,,,,,,,,
ToddFischer,70.00000,69.00000,73.50000,70.50000,72.25000,72.00000,68.00000,74.00000,73.00000,73.00000,74.00000,,,73.00000,75.50000,72.50000,73.50000,70.25000,,72.50000,,71.25000,,72.00000,72.25000,69.75000,67.50000,68.75000,,,,68.25000,70.50000,72.50000,66.25000,,,74.33333,70.75000,72.50000,72.50000
ToddGleaton,,,,,,,,,74.50000,,,,,,,,81.50000,,,,,,,,,,,,,,,,,,,,,,,,
ToddHamilton,72.50000,,,71.25000,74.50000,,69.75000,69.25000,69.00000,73.50000,72.75000,,74.75000,73.50000,74.00000,71.50000,70.75000,70.25000,70.75000,,72.00000,71.50000,75.50000,,73.00000,70.25000,,,,72.00000,70.00000,,,,,71.75000,,,,,
TomByrum,75.00000,,70.00000,72.00000,,70.50000,73.50000,,73.50000,,71.25000,,,70.75000,77.00000,,70.50000,70.00000,69.25000,,,68.50000,73.00000,71.50000,73.50000,,,68.50000,70.00000,71.50000,,68.25000,,73.00000,68.50000,,,68.25000,,,70.75000
TomCarter,71.50000,73.50000,,74.66667,72.00000,70.50000,71.50000,72.25000,77.00000,,,76.00000,,74.50000,72.00000,74.00000,72.75000,68.75000,,72.75000,,72.75000,75.00000,72.50000,71.25000,75.50000,70.00000,70.75000,72.00000,,,72.00000,71.50000,73.00000,68.50000,72.25000,68.50000,71.66667,71.00000,71.25000,69.25000
TomGleeton,,,,,,,,,,,,,,,,,,,,,,,,,,,,,,,,75.50000,,,,,,,,,
TomKite,,,,,,,,,,,,,,,,,,,,,,,75.50000,,,,,,,,,,,,,,,,,,
TomLehman,69.75000,,68.75000,71.25000,70.25000,70.75000,71.00000,,,70.50000,74.50000,,,,,,,,,71.50000,71.75000,71.00000,,68.75000,,,,,,,,,,69.50000,67.25000,,,66.75000,68.50000,67.75000,
"TomPernice,Jr.",70.50000,68.20000,71.25000,70.00000,70.00000,72.00000,,,70.50000,74.50000,73.25000,75.50000,,73.00000,72.00000,70.50000,74.50000,,,69.75000,71.00000,70.75000,74.00000,69.00000,,69.00000,,,70.50000,73.50000,,67.75000,72.50000,74.00000,,72.50000,,68.75000,69.00000,70.50000,70.50000
TomScherrer,,,,,,,,,,,,,,,,,,,,,,,,71.00000,,,,,,,,,,,,,,,,,
TomWatson,,,,,,,,,,73.00000,,,76.00000,,,,,,,,,,,,,,,,,,,,,,,,,,,,
TommyAaron,,,,,,,,,,,,,85.00000,,,,,,,,,,,,,,,,,,,,,,,,,,,,
TommyArmourIII,69.00000,72.25000,71.75000,,,71.00000,,70.75000,70.25000,75.00000,75.50000,,,73.00000,74.50000,,73.50000,69.50000,70.75000,,73.00000,,,,72.75000,70.50000,,,71.00000,72.25000,72.00000,,71.50000,73.50000,68.50000,73.25000,,72.66667,,70.50000,67.75000
TommyTolles,,,,73.00000,71.25000,,72.50000,74.00000,75.00000,,,79.00000,,,75.50000,73.00000,,71.50000,,73.50000,,72.00000,,70.75000,74.00000,71.50000,68.25000,69.75000,70.50000,,,74.00000,,72.00000,70.00000,72.00000,70.00000,70.33333,74.50000,,
TonyRohlik,,,77.00000,,,,,,,,,,,,,,,,,,,,,,,,,,,,,,,,,,,,,,
ToshiIzawa,,,,,,,,,,,,,76.00000,,,,,,,,,,74.00000,,,,,,,,,,,,,,,,,,
TrevorDodds,,,,73.25000,74.50000,,72.00000,,,,,75.00000,,,,72.00000,,,,73.00000,,,,71.00000,73.75000,71.00000,70.50000,73.00000,74.00000,,,74.00000,78.50000,76.50000,,,73.00000,71.00000,72.50000,,
TrevorImmelman,,,,,,,,,,72.00000,,,76.50000,72.50000,,,,,,,72.50000,,75.00000,,,,,,,72.00000,70.75000,,72.00000,,,,,,,,
TrippIsenhour,70.50000,,,72.00000,71.50000,,70.00000,73.00000,,72.50000,,77.00000,,,76.00000,71.50000,72.00000,74.50000,72.00000,72.00000,,,73.50000,73.50000,,71.25000,,70.00000,71.00000,,,,,,,,,,,,
TyArmstrong,,,,,,,,,,,,,,,76.00000,,,,,,,,,,,,,,,,,,,,,,,,,,
UlyGrisette,,,,,,,,,,,,,,,,,,,,,,,,,,,,,,,,75.50000,,,,,,,,,
VanceVeazey,,,,,,,,,,,,,,,,,,,,72.25000,,,,,,,,,,,,,,,,,,,,,
VaughnTaylor,71.00000,,,72.00000,71.00000,,69.50000,74.50000,72.50000,,,75.00000,,,,71.25000,73.50000,72.50000,,69.00000,,71.00000,,69.50000,72.50000,68.25000,67.75000,74.00000,,,,70.00000,,,67.75000,71.25000,72.00000,,72.00000,68.00000,70.25000
VictorSchwamkrug,,,,,,,,,,,,,,,74.00000,,,,,,,,,,,,,,,,,,,,,,,,,,
VijaySingh,67.50000,,67.25000,68.00000,72.00000,69.50000,,,,71.50000,71.00000,,71.50000,,69.25000,66.50000,70.25000,70.25000,,,71.75000,68.50000,73.25000,,70.25000,67.50000,,,66.25000,70.00000,70.75000,,67.00000,68.75000,,68.25000,,,,67.25000,66.50000
WayneLevi,,,,,,,,,,,,,,,,,,,,,,,,,,,68.75000,,,,,,,,,,,,,,
WesShort,72.00000,,,,,,,,,,,,,,,,,,,,,,,,,69.50000,69.75000,69.75000,69.50000,,,72.00000,71.50000,73.00000,71.00000,,,,,,
WilliamLinkIV,,,,,,,,,,,,,,,,,,,,,,,,,,,73.50000,,,,,,,,,,,,,,
WillieWood,,,,71.50000,,,70.50000,,,,,,,,,,,,,76.00000,,,,71.50000,,70.25000,72.50000,,,,,,,,69.75000,,74.00000,,,,
WoodyAustin,70.00000,,71.50000,71.25000,71.00000,71.00000,,69.50000,69.75000,72.75000,71.25000,,,70.75000,,71.50000,72.50000,72.50000,72.00000,,74.25000,76.00000,,,73.50000,69.75000,,72.00000,69.50000,73.25000,,67.50000,73.50000,,,72.50000,68.75000,68.50000,,70.50000,70.25000
YusakuMiyazato,72.50000,,,,,,,,,,,,,,,,,,,,,,,,,,,,,,,,,,,,,,,,
ZachJohnson,70.50000,67.60000,,72.50000,71.75000,70.75000,,73.50000,70.50000,70.00000,,68.75000,,71.50000,71.25000,,72.50000,69.50000,69.25000,,71.75000,70.00000,74.50000,,72.50000,68.50000,,,,72.00000,70.25000,67.75000,69.75000,,,69.00000,,,71.75000,68.75000,
ZaneZwemke,,,,,,,,,,,,,,,,,,,,,,,,,,,,,,74.00000,,,,,,,,,,,
ZebPatten,,,,,,,,,,,,,,,,,,,,76.00000,,,,,,,,,,,,,,,,,,,,,
